/*INSERÇÕES NA BASE*/

/*ENDEREÇOS DE CLIENTES*/
/*ESTADOS UNIDOS*/
INSERT INTO Endereco(id_endereco,rua,cidade,estado,pais) VALUES (300,'1970 Napa Ct.','Bothell','WA','US');
INSERT INTO Endereco(id_endereco,rua,cidade,estado,pais) VALUES (301,'9833 Mt. Dias Blv.','Bothell','WA','US');
INSERT INTO Endereco(id_endereco,rua,cidade,estado,pais) VALUES (302,'7484 Roundtree Drive','Bothell','WA','US');
INSERT INTO Endereco(id_endereco,rua,cidade,estado,pais) VALUES (303,'9539 Glenside Dr','Bothell','WA','US');
INSERT INTO Endereco(id_endereco,rua,cidade,estado,pais) VALUES (304,'1226 Shoe St.','Bothell','WA','US');
INSERT INTO Endereco(id_endereco,rua,cidade,estado,pais) VALUES (305,'1399 Firestone Drive','Bothell','WA','US');
INSERT INTO Endereco(id_endereco,rua,cidade,estado,pais) VALUES (306,'7786 Olive St','Olympia','WA','US');
INSERT INTO Endereco(id_endereco,rua,cidade,estado,pais) VALUES (307,'8040 Erie Dr','Houston','TX','US');
INSERT INTO Endereco(id_endereco,rua,cidade,estado,pais) VALUES (308,'7824 Frame Ln','Philadelphia','PA','US');
INSERT INTO Endereco(id_endereco,rua,cidade,estado,pais) VALUES (309,'7902 Grammercy Lane','Bellevue','WA','US');
/*AUSTRÁLIA*/
INSERT INTO Endereco(id_endereco,rua,cidade,estado,pais) VALUES (310,'25 Epping Road','Lavender Bay','NSW','AU');
INSERT INTO Endereco(id_endereco,rua,cidade,estado,pais) VALUES (311,'Ctrcrt Bus Pk/995-27 Paul St N','Lavender Bay','NSW','AU');
INSERT INTO Endereco(id_endereco,rua,cidade,estado,pais) VALUES (312,'2-252 Beauchamp Road','Cloverdale','SA','AU');
INSERT INTO Endereco(id_endereco,rua,cidade,estado,pais) VALUES (313,'65 Epping Rd','Lavender Bay','NSW','AU');
/*FRANÇA*/
INSERT INTO Endereco(id_endereco,rua,cidade,estado,pais) VALUES (314,'6, rue des Pyrenees','Saint Ouen','41','FR');
INSERT INTO Endereco(id_endereco,rua,cidade,estado,pais) VALUES (315,'5, place de la Concorde','Colombes','92','FR');
INSERT INTO Endereco(id_endereco,rua,cidade,estado,pais) VALUES (316,'36, avenue de la Gare','Paris','75','FR');
/*REINO UNIDO*/
INSERT INTO Endereco(id_endereco,rua,cidade,estado,pais) VALUES (317,'5061 Athecton Circle','Cambridge','ENG','GB');
INSERT INTO Endereco(id_endereco,rua,cidade,estado,pais) VALUES (318,'7781 Santa Barbara Rd','London','ENG','GB');
INSERT INTO Endereco(id_endereco,rua,cidade,estado,pais) VALUES (319,'780 F Mt Hood Circle','Peterborough','ENG','GB');
/*ALEMANHA*/
INSERT INTO Endereco(id_endereco,rua,cidade,estado,pais) VALUES (320,'Am Grossen Dern 82','Kassel','HE','DE');

INSERT INTO Endereco(id_endereco,rua,cidade,estado,pais) VALUES (321,'250551 Shellbridge Way','Richmond','BC','CA');
INSERT INTO Endereco(id_endereco,rua,cidade,estado,pais) VALUES (322,'595 Burning Street','Vancouver','BC','CA');
INSERT INTO Endereco(id_endereco,rua,cidade,estado,pais) VALUES (323,'252345 8810th Avenue','Surrey','BC','CA');
INSERT INTO Endereco(id_endereco,rua,cidade,estado,pais) VALUES (324,'2512-410th Avenue S.W.','Calgary','AB','CA');
INSERT INTO Endereco(id_endereco,rua,cidade,estado,pais) VALUES (325,'258 King Street East','Toronto','ON','CA');
INSERT INTO Endereco(id_endereco,rua,cidade,estado,pais) VALUES (326,'6th Floor Ferguson Block','Toronto','ON','CA');
INSERT INTO Endereco(id_endereco,rua,cidade,estado,pais) VALUES (327,'2545 King Street West','Toronto','ON','CA');
INSERT INTO Endereco(id_endereco,rua,cidade,estado,pais) VALUES (328,'2550 Middlefield Road','Scarborough','ON','CA');
INSERT INTO Endereco(id_endereco,rua,cidade,estado,pais) VALUES (329,'25 First Canadian Place','Toronto','ON','CA');

/*ENDEREÇOS DE EMPREGADOS*/
INSERT INTO Endereco(id_endereco,rua,cidade,estado,pais) VALUES (100,'5125 Cotton Ct.','Seattle','WA','US');
INSERT INTO Endereco(id_endereco,rua,cidade,estado,pais) VALUES (101,'3243 Buckingham Dr.','Seattle','WA','US');
INSERT INTO Endereco(id_endereco,rua,cidade,estado,pais) VALUES (102,'3029 Pastime Dr','Seattle','WA','US');
INSERT INTO Endereco(id_endereco,rua,cidade,estado,pais) VALUES (103,'9537 Ridgewood Drive','Seattle','WA','US');
INSERT INTO Endereco(id_endereco,rua,cidade,estado,pais) VALUES (104,'9964 North Ridge Drive','Seattle','WA','US');
INSERT INTO Endereco(id_endereco,rua,cidade,estado,pais) VALUES (105,'1619 Stillman Court','Seattle','WA','US');
INSERT INTO Endereco(id_endereco,rua,cidade,estado,pais) VALUES (106,'2144 San Rafael','Seattle','WA','US');
INSERT INTO Endereco(id_endereco,rua,cidade,estado,pais) VALUES (107,'7403 N. Broadway','Seattle','WA','US');
INSERT INTO Endereco(id_endereco,rua,cidade,estado,pais) VALUES (108,'7842 Ygnacio Valley Road','Seattle','WA','US');
INSERT INTO Endereco(id_endereco,rua,cidade,estado,pais) VALUES (109,'874 Olivera Road','Seattle','WA','US');
INSERT INTO Endereco(id_endereco,rua,cidade,estado,pais) VALUES (110,'1064 Slow Creek Road','Seattle','WA','US');
INSERT INTO Endereco(id_endereco,rua,cidade,estado,pais) VALUES (111,'77 Birchwood','Seattle','WA','US');
INSERT INTO Endereco(id_endereco,rua,cidade,estado,pais) VALUES (112,'7765 Sunsine Drive','Seattle','WA','US');
INSERT INTO Endereco(id_endereco,rua,cidade,estado,pais) VALUES (113,'1102 Ravenwood','Seattle','WA','US');
INSERT INTO Endereco(id_endereco,rua,cidade,estado,pais) VALUES (114,'1398 Yorba Linda','Seattle','WA','US');
INSERT INTO Endereco(id_endereco,rua,cidade,estado,pais) VALUES (115,'4948 West 4th St','Seattle','WA','US');
INSERT INTO Endereco(id_endereco,rua,cidade,estado,pais) VALUES (116,'8290 Margaret Ct.','Seattle','WA','US');
INSERT INTO Endereco(id_endereco,rua,cidade,estado,pais) VALUES (117,'426 San Rafael','Seattle','WA','US');
INSERT INTO Endereco(id_endereco,rua,cidade,estado,pais) VALUES (118,'136 Balboa Court','Seattle','WA','US');
INSERT INTO Endereco(id_endereco,rua,cidade,estado,pais) VALUES (119,'7439 Laguna Niguel','Seattle','WA','US');
INSERT INTO Endereco(id_endereco,rua,cidade,estado,pais) VALUES (120,'6498 Mining Rd.','Seattle','WA','US');
INSERT INTO Endereco(id_endereco,rua,cidade,estado,pais) VALUES (121,'6578 Woodhaven Ln.','Seattle','WA','US');
INSERT INTO Endereco(id_endereco,rua,cidade,estado,pais) VALUES (122,'2354 Frame Ln.','Seattle','WA','US');
INSERT INTO Endereco(id_endereco,rua,cidade,estado,pais) VALUES (123,'6843 San Simeon Dr.','Seattle','WA','US');
INSERT INTO Endereco(id_endereco,rua,cidade,estado,pais) VALUES (124,'7616 Honey Court','Seattle','WA','US');
INSERT INTO Endereco(id_endereco,rua,cidade,estado,pais) VALUES (125,'931 Corte De Luna','Seattle','WA','US');
INSERT INTO Endereco(id_endereco,rua,cidade,estado,pais) VALUES (126,'7594 Alexander Pl.','Seattle','WA','US');
INSERT INTO Endereco(id_endereco,rua,cidade,estado,pais) VALUES (127,'7127 Los Gatos Court','Seattle','WA','US');
INSERT INTO Endereco(id_endereco,rua,cidade,estado,pais) VALUES (128,'8656 Lakespring Place','Seattle','WA','US');
INSERT INTO Endereco(id_endereco,rua,cidade,estado,pais) VALUES (129,'5025 Holiday Hills','Seattle','WA','US');
INSERT INTO Endereco(id_endereco,rua,cidade,estado,pais) VALUES(4000,'30 Nicolau Parodi','Itatiba','SP','BR');


/*PESSOAS: CLIENTES, EMPREGADOS (VENDEDORES E OUTROS)*/
/*Clientes = Pessoa 1 a 30*/
INSERT INTO Pessoa(id_pessoa,nome,senha,email,id_endereco) VALUES (1,'Ken J Sánchez','pbFwXWE99vobT6g+vPWFy93NtUU/orrIWafF01hccfM','ken0@adventure-works.com',300);
INSERT INTO Pessoa(id_pessoa,nome,senha,email,id_endereco) VALUES (2,'Terri Lee Duffy','bawRVNrZQYQ05qF05Gz6VLilnviZmrqBReTTAGAudm0','terri0@adventure-works.com',301);
INSERT INTO Pessoa(id_pessoa,nome,senha,email,id_endereco) VALUES (3,'Roberto  Tamburello','8BUXrZfDqO1IyHCWOYzYmqN1IhTUn3CJMpdx/UCQ3iY','roberto0@adventure-works.com',302);
INSERT INTO Pessoa(id_pessoa,nome,senha,email,id_endereco) VALUES (4,'Rob  Walters','SjLXpiarHSlz+6AG+H+4QpB/IPRzras/+9q/5Wr7tf8','rob0@adventure-works.com',303);
INSERT INTO Pessoa(id_pessoa,nome,senha,email,id_endereco) VALUES (5,'Gail A Erickson','8FYdAiY6gWuBsgjCFdg0UibtsqOcWHf9TyaHIP7+paA','gail0@adventure-works.com',304);
INSERT INTO Pessoa(id_pessoa,nome,senha,email,id_endereco) VALUES (6,'Jossef H Goldberg','u5kbN5n84NRE1h/a+ktdRrXucjgrmfF6wZC4g82rjHM','jossef0@adventure-works.com',305);
INSERT INTO Pessoa(id_pessoa,nome,senha,email,id_endereco) VALUES (7,'Dylan A Miller','zSqerln8T8eq3nYHC4Lx4vMuxZaxkDylVwWnP2ZT6QA','dylan0@adventure-works.com',306);
INSERT INTO Pessoa(id_pessoa,nome,senha,email,id_endereco) VALUES (8,'Diane L Margheim','s+FUWADIZzXBKpcbxe4OwL2uiJmjLogJNYXXHvc1X/k','diane1@adventure-works.com',307);
INSERT INTO Pessoa(id_pessoa,nome,senha,email,id_endereco) VALUES (9,'Gigi N Matthew','fCvCTy3RwzA2LNhhhYUbT7erkb9Au5wyM2q7ReHroV0','gigi0@adventure-works.com',308);
INSERT INTO Pessoa(id_pessoa,nome,senha,email,id_endereco) VALUES (10,'Michael  Raheem','/8biMrxuAtETGeIuloSrMQHBraZtZ+eU2z5OJ1Fhn6M','michael6@adventure-works.com',319);
INSERT INTO Pessoa(id_pessoa,nome,senha,email,id_endereco) VALUES (11,'Ovidiu V Cracium','iaZ6ky76dbOG+0Y069v4bm78UfhfGXSeYtxp4Vgd15o','ovidiu0@adventure-works.com',310);
INSERT INTO Pessoa(id_pessoa,nome,senha,email,id_endereco) VALUES (12,'Thierry B D''Hers','I9HGCr3jbwF3LYBlVsM/cOC2IHfg7ns5t2xejnWZ9Ko','thierry0@adventure-works.com',311);
INSERT INTO Pessoa(id_pessoa,nome,senha,email,id_endereco) VALUES (13,'Janice M Galvin','3ZuoojogvvBKmtr+iHeqWoiZNCzp6N1abPoymjp+O+4','janice0@adventure-works.com',312);
INSERT INTO Pessoa(id_pessoa,nome,senha,email,id_endereco) VALUES (14,'Michael I Sullivan','mKAlVVzgDo12qro7ZDmr3oEmCxklWc7+dYDFlC58Vv4','michael8@adventure-works.com',313);
INSERT INTO Pessoa(id_pessoa,nome,senha,email,id_endereco) VALUES (15,'Sharon B Salavaria','m5ESf7VNdqsqa/s82jX/r3UK95GTrMPM4YhGw0jzS9c','sharon0@adventure-works.com',314);
INSERT INTO Pessoa(id_pessoa,nome,senha,email,id_endereco) VALUES (16,'David M Bradley','oaeJoTn5hbyNfemp2qzIpGTP5uNle8NRPki9Ur3Znl8','david0@adventure-works.com',315);
INSERT INTO Pessoa(id_pessoa,nome,senha,email,id_endereco) VALUES (17,'Kevin F Brown','7OdV1zJ/Q0TtaAgSo1KHZAFaUhN0XjqzL9gXrnpl5BE','kevin0@adventure-works.com',316);
INSERT INTO Pessoa(id_pessoa,nome,senha,email,id_endereco) VALUES (18,'John L Wood','Six1+I1JOOR+oosTOz1L7jf/t79CUdo05d5uv+scXE','john5@adventure-works.com',317);
INSERT INTO Pessoa(id_pessoa,nome,senha,email,id_endereco) VALUES (19,'Mary A Dempsey','NeFaMBZDuBHjM/jVl5RQmWChbKw5O6H7LR8DAboLXc','mary2@adventure-works.com',318);
INSERT INTO Pessoa(id_pessoa,nome,senha,email,id_endereco) VALUES (20,'Wanida M Benshoof','QK5+W4y+v4xBQ7/grkmXPa5kK5G8kMb5qJZLpDzpLko','wanida0@adventure-works.com',319);
INSERT INTO Pessoa(id_pessoa,nome,senha,email,id_endereco) VALUES (21,'Terry J Eminhizer','b8i62trjF69At8pO1r2uClfiGWq0wx7w8Kz8xsOVmSs','terry0@adventure-works.com',320);
INSERT INTO Pessoa(id_pessoa,nome,senha,email,id_endereco) VALUES (22,'Sariya E Harnpadoungsataya','NrVTt2LIAOOd/kB3YfCaKzLbeOgefZsGTeg2z7TKzhw','sariya0@adventure-works.com',321);
INSERT INTO Pessoa(id_pessoa,nome,senha,email,id_endereco) VALUES (23,'Mary E Gibson','TlZs9R2WoVp1jjfCyxE8Dtaw4OhlcKgCPbqXaOxeIW4','mary0@adventure-works.com',322);
INSERT INTO Pessoa(id_pessoa,nome,senha,email,id_endereco) VALUES (24,'Jill A Williams','wI5v4SNv5Mg5ea0Ufy1xy966PrXWCBp8gLIhC1QTqWw','jill0@adventure-works.com',323);
INSERT INTO Pessoa(id_pessoa,nome,senha,email,id_endereco) VALUES (25,'James R Hamilton','iYoywqstKDflRLmJwKmI/ObzZl6KQ4sX5hUgBa1Qgz0','james1@adventure-works.com',324);
INSERT INTO Pessoa(id_pessoa,nome,senha,email,id_endereco) VALUES (26,'Peter J Krebs','GCZ//7zDxPTsO9cuY1Rk0uUUc6t2jEGZwjGqXVll6Ws','peter0@adventure-works.com',325);
INSERT INTO Pessoa(id_pessoa,nome,senha,email,id_endereco) VALUES (27,'Jo A Brown','uQaHsaafTmDMFjX9nNhAFjHaYjqeTZhlcZp4azb5Hgs','jo0@adventure-works.com',326);
INSERT INTO Pessoa(id_pessoa,nome,senha,email,id_endereco) VALUES (28,'Guy R Gilbert','Li2+pm3yhRgX8v0v3JJZWL8NPgdBse1zAG1ph25sFAk','guy1@adventure-works.com',327);
INSERT INTO Pessoa(id_pessoa,nome,senha,email,id_endereco) VALUES (29,'Mark K McArthur','2sudtPUZMsjMIVXKcfx3NPWhTws5ZSHJa+pzKYnyxtU','mark1@adventure-works.com',328);
INSERT INTO Pessoa(id_pessoa,nome,senha,email,id_endereco) VALUES (30,'Britta L Simon','xyWYdzg9o+gUyBlMkxVRx4O4oBuaXtien0ZXxhB58gM','britta0@adventure-works.com',329);

/*Empregados = Pessoa 100 a 130*/
INSERT INTO Pessoa(id_pessoa,nome,senha,email,id_endereco) VALUES (100,'Lolan B Song','sjRcCEbmF7NuIGeUn2CoRodBlM7zNXJ1r9LcQrdcAZA','lolan0@adventure-works.com',100);
INSERT INTO Pessoa(id_pessoa,nome,senha,email,id_endereco) VALUES (101,'Houman N Pournasseh','PEJHSC5hLjqLLFqL2ZBoOUt5nUb6TE3C7uiaK8UAZEg','houman0@adventure-works.com',101);
INSERT INTO Pessoa(id_pessoa,nome,senha,email,id_endereco) VALUES (102,'Zheng W Mu','V9uxRM7Mn9huuTbZvaxNSakpeTF4VuFUWeetmTCeJ4o','zheng0@adventure-works.com',102);
INSERT INTO Pessoa(id_pessoa,nome,senha,email,id_endereco) VALUES (103,'Ebru N Ersan','MLReQB5rVHcy6hyG1xEa3GhceMRC7Mug79J0xSVT5MU','ebru0@adventure-works.com',103);
INSERT INTO Pessoa(id_pessoa,nome,senha,email,id_endereco) VALUES (104,'Mary R Baker','m72QIo8JFdF0Uio6mzh67IlDflkzqKya9lw47JWvIAE','mary1@adventure-works.com',104);
INSERT INTO Pessoa(id_pessoa,nome,senha,email,id_endereco) VALUES (105,'Kevin M Homer','Z6GmPzslpiGqbO7H3ZTy0toS44XZwyneKfS9evABQXM','kevin2@adventure-works.com',105);
INSERT INTO Pessoa(id_pessoa,nome,senha,email,id_endereco) VALUES (106,'John T Kane','pNixtahlA90Yq90h5Rn7FKQybly0N5vuxbCtKoqudT4','john4@adventure-works.com',106);
INSERT INTO Pessoa(id_pessoa,nome,senha,email,id_endereco) VALUES (107,'Christopher E Hill','Qh0dVKGKQ151lC/OC99MdsBdUfns0nJ3jBjM/QKe4ys','christopher0@adventure-works.com',107);
INSERT INTO Pessoa(id_pessoa,nome,senha,email,id_endereco) VALUES (108,'Jinghao K Liu','xQMwRVRc6x3A9m8+hDIR6+Rl19nd00eQt9ZCRs2XFo8','jinghao0@adventure-works.com',108);
INSERT INTO Pessoa(id_pessoa,nome,senha,email,id_endereco) VALUES (109,'Alice O Ciccu','JCeXjpjVxj9AEzWyOtt6yEg2ENO49Wj6ozjtUBxkZO0','alice0@adventure-works.com',109);
INSERT INTO Pessoa(id_pessoa,nome,senha,email,id_endereco) VALUES (110,'Jun T Cao','EJSxLP0JU1+y/Gz2BvWs899NdukRhRN3ITdVmKwNppo','jun0@adventure-works.com',110);
INSERT INTO Pessoa(id_pessoa,nome,senha,email,id_endereco) VALUES (111,'Suroor R Fatima','9KhBifQDLnse3l3s3lT9jJR//06P/iLdBpsYU6pc1lc','suroor0@adventure-works.com',111);
INSERT INTO Pessoa(id_pessoa,nome,senha,email,id_endereco) VALUES (112,'John P Evans','BVtWU+5oEmFx1CpOkFN5Fl3IlpfQuKVVUIYh8YlMEW0','john1@adventure-works.com',112);
INSERT INTO Pessoa(id_pessoa,nome,senha,email,id_endereco) VALUES (113,'Linda K Moschell','yO6qOTJwe7dCf1uee/+OG07XBzw+ECfHruXE28S6wRE','linda0@adventure-works.com',113);
INSERT INTO Pessoa(id_pessoa,nome,senha,email,id_endereco) VALUES (114,'Mindaugas J Krapauskas','IqXg0rCan60VrwxbXaujLRTinAeHmyl6e4OcZDwAcDw','mindaugas0@adventure-works.com',114);
INSERT INTO Pessoa(id_pessoa,nome,senha,email,id_endereco) VALUES (115,'Angela W Barbariol','lVeWrYnErMzREvkFg7oeKzeHOgfMvEpc9MrkQG7wqV4','angela0@adventure-works.com',115);
INSERT INTO Pessoa(id_pessoa,nome,senha,email,id_endereco) VALUES (116,'Michael W Patten','vPM+vHKX5Ong90puIMloOE8l1J8BOa0a2tcYc6xw0EA','michael2@adventure-works.com',116);
INSERT INTO Pessoa(id_pessoa,nome,senha,email,id_endereco) VALUES (117,'Chad W Niswonger','oPePXo63UyUU7ikOuZ8cKvJBziC5dBypDCND8ZtWD8Y','chad0@adventure-works.com',117);
INSERT INTO Pessoa(id_pessoa,nome,senha,email,id_endereco) VALUES (118,'Don L Hall','NyCJQuSW+/8FYGH9nePDdQKRNyJpNFhFtd0hUq2vZL0','don0@adventure-works.com',118);
INSERT INTO Pessoa(id_pessoa,nome,senha,email,id_endereco) VALUES (119,'Michael T Entin','CUsEeMY+Rr9z0Rx1WFKGoxzntJj5GF6HCdIVwDLNEp4','michael4@adventure-works.com',119);
INSERT INTO Pessoa(id_pessoa,nome,senha,email,id_endereco) VALUES (120,'Kitti H Lertpiriyasuwat','hf1gCi+7lKC5z7gQPPxUQe9WRjGbScIpWSrCwetUTsc','kitti0@adventure-works.com',120);
INSERT INTO Pessoa(id_pessoa,nome,senha,email,id_endereco) VALUES (121,'Pilar G Ackerman','nbiXRdZ1AeCw2bpqWe+Q8pCocAN2fuf2bf6+pKcXb0I','pilar0@adventure-works.com',121);
INSERT INTO Pessoa(id_pessoa,nome,senha,email,id_endereco) VALUES (122,'Susan W Eaton','ZN8MGbeyuzDpZCzHTQPJCxj9uZ5f/qJLpbAFQHobpf8','susan0@adventure-works.com',122);
INSERT INTO Pessoa(id_pessoa,nome,senha,email,id_endereco) VALUES (123,'Vamsi N Kuppa','GMqHMINrUy2dGYygP+yxFcaLESP2dJYqn53Fqnc4LVQ','vamsi0@adventure-works.com',123);
INSERT INTO Pessoa(id_pessoa,nome,senha,email,id_endereco) VALUES (124,'Kim T Ralls','VjdxFESErROmRQkb/z7zfADRHKgyWA1ZBmGI89+Gpo','kim0@adventure-works.com',124);
INSERT INTO Pessoa(id_pessoa,nome,senha,email,id_endereco) VALUES (125,'Matthias T Berndt','s4kqBqZ5uLnllvVg96/ZqjHBnVKoaKCFbYE6lqVX3Ag','matthias0@adventure-works.com',125);
INSERT INTO Pessoa(id_pessoa,nome,senha,email,id_endereco) VALUES (126,'Jimmy T Bischoff','kqOenOXvEVBSPEOLEQKCmK1dawLc0jtsa1hxDLxNdHA','jimmy0@adventure-works.com',126);
INSERT INTO Pessoa(id_pessoa,nome,senha,email,id_endereco) VALUES (127,'David P Hamilton','Nt3gfdJmDQLyzR8eEtOBY7qlNLbpjQpbZYUl7L1qR14','david4@adventure-works.com',127);
INSERT INTO Pessoa(id_pessoa,nome,senha,email,id_endereco) VALUES (128,'Paul B Komosinski','vROEd3vy7UhDJa6+cmyw8WltnPnUw7gw4Eb11NYCP6w','paul0@adventure-works.com',128);
INSERT INTO Pessoa(id_pessoa,nome,senha,email,id_endereco) VALUES (129,'Gary W Yukish','gMYFdCrFfOIFYjRPFgCmIrAgq3rU4gXepF2oXwnVevk','gary0@adventure-works.com',129);
INSERT INTO Pessoa(id_pessoa,nome,senha,email,id_endereco) VALUES(9293286,'Kelvin Oliveira','123456','kelvin.oliveira@usp.br',4000);
INSERT INTO Pessoa(id_pessoa,nome,senha,email,id_endereco) VALUES(9293251,'Lucas Sugi','12345678','lucas.sugi@usp.br',4000);
INSERT INTO Pessoa(id_pessoa,nome,senha,email,id_endereco) VALUES(9040996,'Mauricio Caetano','12345678','mauricio@usp.br',4000);
INSERT INTO Pessoa(id_pessoa,nome,senha,email,id_endereco) VALUES(9999999,'Neymar Jesus','hexa123','neymarjesus@usp.br',4000);

/*TELEFONES*/
/*CLIENTES*/
INSERT INTO Telefone(id_pessoa,numero,tipo) VALUES (1,'697-555-0142',1);
INSERT INTO Telefone(id_pessoa,numero,tipo) VALUES (2,'819-555-0175',3);
INSERT INTO Telefone(id_pessoa,numero,tipo) VALUES (3,'212-555-0187',1);
INSERT INTO Telefone(id_pessoa,numero,tipo) VALUES (4,'612-555-0100',1);
INSERT INTO Telefone(id_pessoa,numero,tipo) VALUES (5,'849-555-0139',1);
INSERT INTO Telefone(id_pessoa,numero,tipo) VALUES (6,'122-555-0189',3);
INSERT INTO Telefone(id_pessoa,numero,tipo) VALUES (7,'181-555-0156',3);
INSERT INTO Telefone(id_pessoa,numero,tipo) VALUES (8,'815-555-0138',1);
INSERT INTO Telefone(id_pessoa,numero,tipo) VALUES (9,'185-555-0186',1);
INSERT INTO Telefone(id_pessoa,numero,tipo) VALUES (10,'330-555-2568',3);
INSERT INTO Telefone(id_pessoa,numero,tipo) VALUES (11,'719-555-0181',1);
INSERT INTO Telefone(id_pessoa,numero,tipo) VALUES (12,'168-555-0183',3);
INSERT INTO Telefone(id_pessoa,numero,tipo) VALUES (13,'473-555-0117',3);
INSERT INTO Telefone(id_pessoa,numero,tipo) VALUES (14,'465-555-0156',1);
INSERT INTO Telefone(id_pessoa,numero,tipo) VALUES (15,'970-555-0138',1);
INSERT INTO Telefone(id_pessoa,numero,tipo) VALUES (16,'913-555-0172',3);
INSERT INTO Telefone(id_pessoa,numero,tipo) VALUES (17,'150-555-0189',1);
INSERT INTO Telefone(id_pessoa,numero,tipo) VALUES (18,'486-555-0150',3);
INSERT INTO Telefone(id_pessoa,numero,tipo) VALUES (19,'124-555-0114',1);
INSERT INTO Telefone(id_pessoa,numero,tipo) VALUES (20,'708-555-0141',3);
INSERT INTO Telefone(id_pessoa,numero,tipo) VALUES (21,'138-555-0118',1);
INSERT INTO Telefone(id_pessoa,numero,tipo) VALUES (22,'399-555-0176',3);
INSERT INTO Telefone(id_pessoa,numero,tipo) VALUES (23,'531-555-0183',3);
INSERT INTO Telefone(id_pessoa,numero,tipo) VALUES (24,'510-555-0121',3);
INSERT INTO Telefone(id_pessoa,numero,tipo) VALUES (25,'870-555-0122',3);
INSERT INTO Telefone(id_pessoa,numero,tipo) VALUES (26,'913-555-0196',3);
INSERT INTO Telefone(id_pessoa,numero,tipo) VALUES (27,'632-555-0129',1);
INSERT INTO Telefone(id_pessoa,numero,tipo) VALUES (28,'320-555-0195',3);
INSERT INTO Telefone(id_pessoa,numero,tipo) VALUES (29,'417-555-0154',3);
INSERT INTO Telefone(id_pessoa,numero,tipo) VALUES (30,'955-555-0169',1);
/*EMPREGADOS*/
INSERT INTO Telefone(id_pessoa,numero,tipo) VALUES (100,'582-555-0178',1);
INSERT INTO Telefone(id_pessoa,numero,tipo) VALUES (101,'180-555-0136',1);
INSERT INTO Telefone(id_pessoa,numero,tipo) VALUES (102,'113-555-0173',1);
INSERT INTO Telefone(id_pessoa,numero,tipo) VALUES (103,'202-555-0187',1);
INSERT INTO Telefone(id_pessoa,numero,tipo) VALUES (104,'283-555-0185',3);
INSERT INTO Telefone(id_pessoa,numero,tipo) VALUES (105,'555-555-0113',3);
INSERT INTO Telefone(id_pessoa,numero,tipo) VALUES (106,'254-555-0114',3);
INSERT INTO Telefone(id_pessoa,numero,tipo) VALUES (107,'153-555-0166',1);
INSERT INTO Telefone(id_pessoa,numero,tipo) VALUES (108,'794-555-0159',1);
INSERT INTO Telefone(id_pessoa,numero,tipo) VALUES (109,'333-555-0173',1);
INSERT INTO Telefone(id_pessoa,numero,tipo) VALUES (110,'299-555-0113',3);
INSERT INTO Telefone(id_pessoa,numero,tipo) VALUES (111,'932-555-0161',3);
INSERT INTO Telefone(id_pessoa,numero,tipo) VALUES (112,'172-555-0130',1);
INSERT INTO Telefone(id_pessoa,numero,tipo) VALUES (113,'612-555-0171',1);
INSERT INTO Telefone(id_pessoa,numero,tipo) VALUES (114,'637-555-0120',3);
INSERT INTO Telefone(id_pessoa,numero,tipo) VALUES (115,'150-555-0194',1);
INSERT INTO Telefone(id_pessoa,numero,tipo) VALUES (116,'441-555-0195',3);
INSERT INTO Telefone(id_pessoa,numero,tipo) VALUES (117,'559-555-0175',3);
INSERT INTO Telefone(id_pessoa,numero,tipo) VALUES (118,'100-555-0174',3);
INSERT INTO Telefone(id_pessoa,numero,tipo) VALUES (119,'817-555-0186',3);
INSERT INTO Telefone(id_pessoa,numero,tipo) VALUES (120,'785-555-0132',3);
INSERT INTO Telefone(id_pessoa,numero,tipo) VALUES (121,'577-555-0185',3);
INSERT INTO Telefone(id_pessoa,numero,tipo) VALUES (122,'943-555-0196',3);
INSERT INTO Telefone(id_pessoa,numero,tipo) VALUES (123,'937-555-0137',3);
INSERT INTO Telefone(id_pessoa,numero,tipo) VALUES (124,'309-555-0129',3);
INSERT INTO Telefone(id_pessoa,numero,tipo) VALUES (125,'139-555-0120',1);
INSERT INTO Telefone(id_pessoa,numero,tipo) VALUES (126,'927-555-0168',1);
INSERT INTO Telefone(id_pessoa,numero,tipo) VALUES (127,'986-555-0177',1);
INSERT INTO Telefone(id_pessoa,numero,tipo) VALUES (128,'147-555-0160',3);
INSERT INTO Telefone(id_pessoa,numero,tipo) VALUES (129,'901-555-0125',1);


/*EMPREGADO*/
INSERT INTO Empregado(id_pessoa,documento,funcao,data_contratacao,login,estado_civil,sexo,data_nascimento) VALUES (100,'204035155','Production Technician - WC50',TO_DATE('2012/01/12','RRRR/MM/DD'),'adventure-works\lolan0',N'M',N'M',TO_DATE('1973/01/24','RRRR/MM/DD'));
INSERT INTO Empregado(id_pessoa,documento,funcao,data_contratacao,login,estado_civil,sexo,data_nascimento) VALUES (101,'153288994','Production Technician - WC50',TO_DATE('2013/01/25','RRRR/MM/DD'),'adventure-works\houman0',N'M',N'M',TO_DATE('1971/08/30','RRRR/MM/DD'));
INSERT INTO Empregado(id_pessoa,documento,funcao,data_contratacao,login,estado_civil,sexo,data_nascimento) VALUES (102,'360868122','Production Supervisor - WC10',TO_DATE('2012/12/03','RRRR/MM/DD'),'adventure-works\zheng0',N'S',N'M',TO_DATE('1983/10/26','RRRR/MM/DD'));
INSERT INTO Empregado(id_pessoa,documento,funcao,data_contratacao,login,estado_civil,sexo,data_nascimento) VALUES (103,'455563743','Production Technician - WC10',TO_DATE('2012/12/06','RRRR/MM/DD'),'adventure-works\ebru0',N'S',N'M',TO_DATE('1986/09/22','RRRR/MM/DD'));
INSERT INTO Empregado(id_pessoa,documento,funcao,data_contratacao,login,estado_civil,sexo,data_nascimento) VALUES (104,'717889520','Production Technician - WC10',TO_DATE('2012/12/25','RRRR/MM/DD'),'adventure-works\mary1',N'M',N'F',TO_DATE('1986/09/19','RRRR/MM/DD'));
INSERT INTO Empregado(id_pessoa,documento,funcao,data_contratacao,login,estado_civil,sexo,data_nascimento) VALUES (105,'801365500','Production Technician - WC10',TO_DATE('2013/12/25','RRRR/MM/DD'),'adventure-works\kevin2',N'S',N'M',TO_DATE('1986/09/19','RRRR/MM/DD'));
INSERT INTO Empregado(id_pessoa,documento,funcao,data_contratacao,login,estado_civil,sexo,data_nascimento) VALUES (106,'561196580','Production Technician - WC10',TO_DATE('2012/02/27','RRRR/MM/DD'),'adventure-works\john4',N'S',N'M',TO_DATE('1986/09/28','RRRR/MM/DD'));
INSERT INTO Empregado(id_pessoa,documento,funcao,data_contratacao,login,estado_civil,sexo,data_nascimento) VALUES (107,'393421437','Production Technician - WC10',TO_DATE('2013/02/08','RRRR/MM/DD'),'adventure-works\christopher0',N'M',N'M',TO_DATE('1986/10/01','RRRR/MM/DD'));
INSERT INTO Empregado(id_pessoa,documento,funcao,data_contratacao,login,estado_civil,sexo,data_nascimento) VALUES (108,'630184120','Production Supervisor - WC50',TO_DATE('2012/12/08','RRRR/MM/DD'),'adventure-works\jinghao0',N'S',N'M',TO_DATE('1989/02/05','RRRR/MM/DD'));
INSERT INTO Empregado(id_pessoa,documento,funcao,data_contratacao,login,estado_civil,sexo,data_nascimento) VALUES (109,'113695504','Production Technician - WC50',TO_DATE('2011/12/07','RRRR/MM/DD'),'adventure-works\alice0',N'M',N'F',TO_DATE('1978/01/26','RRRR/MM/DD'));
INSERT INTO Empregado(id_pessoa,documento,funcao,data_contratacao,login,estado_civil,sexo,data_nascimento) VALUES (110,'857651804','Production Technician - WC50',TO_DATE('2012/12/14','RRRR/MM/DD'),'adventure-works\jun0',N'S',N'M',TO_DATE('1979/07/06','RRRR/MM/DD'));
INSERT INTO Empregado(id_pessoa,documento,funcao,data_contratacao,login,estado_civil,sexo,data_nascimento) VALUES (111,'415823523','Production Technician - WC50',TO_DATE('2011/12/17','RRRR/MM/DD'),'adventure-works\suroor0',N'S',N'M',TO_DATE('1978/02/25','RRRR/MM/DD'));
INSERT INTO Empregado(id_pessoa,documento,funcao,data_contratacao,login,estado_civil,sexo,data_nascimento) VALUES (112,'981597097','Production Technician - WC50',TO_DATE('2012/01/01','RRRR/MM/DD'),'adventure-works\john1',N'S',N'M',TO_DATE('1978/05/31','RRRR/MM/DD'));
INSERT INTO Empregado(id_pessoa,documento,funcao,data_contratacao,login,estado_civil,sexo,data_nascimento) VALUES (113,'54759846','Production Technician - WC50',TO_DATE('2011/12/25','RRRR/MM/DD'),'adventure-works\linda0',N'M',N'F',TO_DATE('1987/07/17','RRRR/MM/DD'));
INSERT INTO Empregado(id_pessoa,documento,funcao,data_contratacao,login,estado_civil,sexo,data_nascimento) VALUES (114,'342607223','Production Technician - WC50',TO_DATE('2012/01/13','RRRR/MM/DD'),'adventure-works\mindaugas0',N'M',N'M',TO_DATE('1978/05/07','RRRR/MM/DD'));
INSERT INTO Empregado(id_pessoa,documento,funcao,data_contratacao,login,estado_civil,sexo,data_nascimento) VALUES (115,'563680513','Production Technician - WC50',TO_DATE('2010/01/20','RRRR/MM/DD'),'adventure-works\angela0',N'S',N'F',TO_DATE('1991/05/31','RRRR/MM/DD'));
INSERT INTO Empregado(id_pessoa,documento,funcao,data_contratacao,login,estado_civil,sexo,data_nascimento) VALUES (116,'398737566','Production Technician - WC50',TO_DATE('2011/01/31','RRRR/MM/DD'),'adventure-works\michael2',N'S',N'M',TO_DATE('1974/05/03','RRRR/MM/DD'));
INSERT INTO Empregado(id_pessoa,documento,funcao,data_contratacao,login,estado_civil,sexo,data_nascimento) VALUES (117,'599942664','Production Technician - WC50',TO_DATE('2012/02/18','RRRR/MM/DD'),'adventure-works\chad0',N'M',N'M',TO_DATE('1990/08/04','RRRR/MM/DD'));
INSERT INTO Empregado(id_pessoa,documento,funcao,data_contratacao,login,estado_civil,sexo,data_nascimento) VALUES (118,'222400012','Production Technician - WC50',TO_DATE('2010/02/13','RRRR/MM/DD'),'adventure-works\don0',N'M',N'M',TO_DATE('1971/06/13','RRRR/MM/DD'));
INSERT INTO Empregado(id_pessoa,documento,funcao,data_contratacao,login,estado_civil,sexo,data_nascimento) VALUES (119,'334834274','Production Technician - WC50',TO_DATE('2010/02/25','RRRR/MM/DD'),'adventure-works\michael4',N'S',N'M',TO_DATE('1989/06/15','RRRR/MM/DD'));
INSERT INTO Empregado(id_pessoa,documento,funcao,data_contratacao,login,estado_civil,sexo,data_nascimento) VALUES (120,'211789056','Production Technician - WC50',TO_DATE('2013/03/04','RRRR/MM/DD'),'adventure-works\kitti0',N'S',N'F',TO_DATE('1987/06/06','RRRR/MM/DD'));
INSERT INTO Empregado(id_pessoa,documento,funcao,data_contratacao,login,estado_civil,sexo,data_nascimento) VALUES (121,'521265716','Shipping and Receiving Supervisor',TO_DATE('2012/01/02','RRRR/MM/DD'),'adventure-works\pilar0',N'S',N'M',TO_DATE('1972/09/09','RRRR/MM/DD'));
INSERT INTO Empregado(id_pessoa,documento,funcao,data_contratacao,login,estado_civil,sexo,data_nascimento) VALUES (122,'586486572','Stocker',TO_DATE('2013/12/07','RRRR/MM/DD'),'adventure-works\susan0',N'S',N'F',TO_DATE('1978/02/17','RRRR/MM/DD'));
INSERT INTO Empregado(id_pessoa,documento,funcao,data_contratacao,login,estado_civil,sexo,data_nascimento) VALUES (123,'337752649','Shipping and Receiving Clerk',TO_DATE('2011/12/07','RRRR/MM/DD'),'adventure-works\vamsi0',N'M',N'M',TO_DATE('1977/03/18','RRRR/MM/DD'));
INSERT INTO Empregado(id_pessoa,documento,funcao,data_contratacao,login,estado_civil,sexo,data_nascimento) VALUES (124,'420776180','Stocker',TO_DATE('2011/12/26','RRRR/MM/DD'),'adventure-works\kim0',N'S',N'F',TO_DATE('1984/04/30','RRRR/MM/DD'));
INSERT INTO Empregado(id_pessoa,documento,funcao,data_contratacao,login,estado_civil,sexo,data_nascimento) VALUES (125,'584205124','Shipping and Receiving Clerk',TO_DATE('2011/01/20','RRRR/MM/DD'),'adventure-works\matthias0',N'M',N'M',TO_DATE('1973/11/11','RRRR/MM/DD'));
INSERT INTO Empregado(id_pessoa,documento,funcao,data_contratacao,login,estado_civil,sexo,data_nascimento) VALUES (126,'652779496','Stocker',TO_DATE('2012/02/26','RRRR/MM/DD'),'adventure-works\jimmy0',N'M',N'M',TO_DATE('1985/05/04','RRRR/MM/DD'));
INSERT INTO Empregado(id_pessoa,documento,funcao,data_contratacao,login,estado_civil,sexo,data_nascimento) VALUES (127,'750905084','Production Supervisor - WC40',TO_DATE('2013/01/03','RRRR/MM/DD'),'adventure-works\david4',N'S',N'M',TO_DATE('1983/07/02','RRRR/MM/DD'));
INSERT INTO Empregado(id_pessoa,documento,funcao,data_contratacao,login,estado_civil,sexo,data_nascimento) VALUES (128,'384162788','Production Technician - WC40',TO_DATE('2013/12/04','RRRR/MM/DD'),'adventure-works\paul0',N'S',N'M',TO_DATE('1980/11/13','RRRR/MM/DD'));
INSERT INTO Empregado(id_pessoa,documento,funcao,data_contratacao,login,estado_civil,sexo,data_nascimento) VALUES (129,'502058701','Production Technician - WC40',TO_DATE('2013/12/22','RRRR/MM/DD'),'adventure-works\gary0',N'S',N'M',TO_DATE('1988/05/16','RRRR/MM/DD'));
INSERT INTO Empregado(id_pessoa,documento,funcao,data_contratacao,login,estado_civil,sexo,data_nascimento) VALUES(9293286,'9813289137','Production Technician - WC20',TO_DATE('11/11/11', 'DD/MM/YY'),'kelvin','S','M',TO_DATE('11/11/11', 'DD/MM/YY'));
INSERT INTO Empregado(id_pessoa,documento,funcao,data_contratacao,login,estado_civil,sexo,data_nascimento) VALUES(9293251,'9813289138','Stocker',TO_DATE('11/11/11', 'DD/MM/YY'),'china','S','M',TO_DATE('11/11/11', 'DD/MM/YY'));
INSERT INTO Empregado(id_pessoa,documento,funcao,data_contratacao,login,estado_civil,sexo,data_nascimento) VALUES(9999999,'98132891300','Striker',TO_DATE('11/11/11', 'DD/MM/YY'),'vai','S','M',TO_DATE('11/11/11', 'DD/MM/YY'));


/*DEPARTAMENTO*/
INSERT INTO Departamento(id_departamento,nome,grupo) VALUES (1,'Engineering','Research and Development');
INSERT INTO Departamento(id_departamento,nome,grupo) VALUES (2,'Tool Design','Research and Development');
INSERT INTO Departamento(id_departamento,nome,grupo) VALUES (3,'Sales','Sales and Marketing');
INSERT INTO Departamento(id_departamento,nome,grupo) VALUES (4,'Marketing','Sales and Marketing');
INSERT INTO Departamento(id_departamento,nome,grupo) VALUES (5,'Purchasing','Inventory Management');
INSERT INTO Departamento(id_departamento,nome,grupo) VALUES (6,'Research and Development','Research and Development');
INSERT INTO Departamento(id_departamento,nome,grupo) VALUES (7,'Production','Manufacturing');
INSERT INTO Departamento(id_departamento,nome,grupo) VALUES (8,'Production Control','Manufacturing');
INSERT INTO Departamento(id_departamento,nome,grupo) VALUES (9,'Human Resources','Executive General and Administration');
INSERT INTO Departamento(id_departamento,nome,grupo) VALUES (10,'Finance','Executive General and Administration');
INSERT INTO Departamento(id_departamento,nome,grupo) VALUES (11,'Information Services','Executive General and Administration');
INSERT INTO Departamento(id_departamento,nome,grupo) VALUES (12,'Document Control','Quality Assurance');
INSERT INTO Departamento(id_departamento,nome,grupo) VALUES (13,'Quality Assurance','Quality Assurance');
INSERT INTO Departamento(id_departamento,nome,grupo) VALUES (14,'Facilities and Maintenance','Executive General and Administration');
INSERT INTO Departamento(id_departamento,nome,grupo) VALUES (15,'Shipping and Receiving','Inventory Management');
INSERT INTO Departamento(id_departamento,nome,grupo) VALUES (16,'Executive','Executive General and Administration');


/*REL2: HISTÓRICO DE DEPARTAMENTO*/
/*Total de 30 funcionários - 16 vendedores (100 até 115) e 14 não vendedores (116 até 129)

/*16 vendedores - 2 não ativos (114 e 115)*/
INSERT INTO HistoricoDepartamento(id_pessoa, id_departamento, turno, data_entrada, data_saida) VALUES (100,7,'tarde',TO_DATE('2009/01/12','RRRR/MM/DD'),NULL);
INSERT INTO HistoricoDepartamento(id_pessoa, id_departamento, turno, data_entrada, data_saida) VALUES (101,7,'tarde',TO_DATE('2009/01/25','RRRR/MM/DD'),NULL);
INSERT INTO HistoricoDepartamento(id_pessoa, id_departamento, turno, data_entrada, data_saida) VALUES (102,7,'tarde',TO_DATE('2008/12/03','RRRR/MM/DD'),NULL);
INSERT INTO HistoricoDepartamento(id_pessoa, id_departamento, turno, data_entrada, data_saida) VALUES (103,7,'tarde',TO_DATE('2009/12/06','RRRR/MM/DD'),NULL);
INSERT INTO HistoricoDepartamento(id_pessoa, id_departamento, turno, data_entrada, data_saida) VALUES (104,7,'tarde',TO_DATE('2009/12/25','RRRR/MM/DD'),NULL);
INSERT INTO HistoricoDepartamento(id_pessoa, id_departamento, turno, data_entrada, data_saida) VALUES (105,7,'tarde',TO_DATE('2009/12/25','RRRR/MM/DD'),NULL);
INSERT INTO HistoricoDepartamento(id_pessoa, id_departamento, turno, data_entrada, data_saida) VALUES (106,7,'tarde',TO_DATE('2010/02/27','RRRR/MM/DD'),NULL);
INSERT INTO HistoricoDepartamento(id_pessoa, id_departamento, turno, data_entrada, data_saida) VALUES (107,7,'tarde',TO_DATE('2010/02/08','RRRR/MM/DD'),NULL);
INSERT INTO HistoricoDepartamento(id_pessoa, id_departamento, turno, data_entrada, data_saida) VALUES (108,7,'dia',TO_DATE('2008/12/08','RRRR/MM/DD'),NULL);
INSERT INTO HistoricoDepartamento(id_pessoa, id_departamento, turno, data_entrada, data_saida) VALUES (109,7,'dia',TO_DATE('2008/12/07','RRRR/MM/DD'),NULL);
INSERT INTO HistoricoDepartamento(id_pessoa, id_departamento, turno, data_entrada, data_saida) VALUES (110,7,'dia',TO_DATE('2008/12/14','RRRR/MM/DD'),NULL);
INSERT INTO HistoricoDepartamento(id_pessoa, id_departamento, turno, data_entrada, data_saida) VALUES (111,7,'dia',TO_DATE('2008/12/17','RRRR/MM/DD'),NULL);
INSERT INTO HistoricoDepartamento(id_pessoa, id_departamento, turno, data_entrada, data_saida) VALUES (112,7,'dia',TO_DATE('2009/01/01','RRRR/MM/DD'),NULL);
INSERT INTO HistoricoDepartamento(id_pessoa, id_departamento, turno, data_entrada, data_saida) VALUES (113,7,'dia',TO_DATE('2008/12/25','RRRR/MM/DD'),NULL);
INSERT INTO HistoricoDepartamento(id_pessoa, id_departamento, turno, data_entrada, data_saida) VALUES (114,7,'dia',TO_DATE('2009/01/13','RRRR/MM/DD'),TO_DATE('2018/01/13','RRRR/MM/DD'));
INSERT INTO HistoricoDepartamento(id_pessoa, id_departamento, turno, data_entrada, data_saida) VALUES (115,7,'dia',TO_DATE('2009/01/20','RRRR/MM/DD'),TO_DATE('2018/01/13','RRRR/MM/DD'));
/*14 não vendedores - 2 não ativos (128 e 129)*/
INSERT INTO HistoricoDepartamento(id_pessoa, id_departamento, turno, data_entrada, data_saida) VALUES (116,7,'dia',TO_DATE('2009/01/31','RRRR/MM/DD'),NULL);
INSERT INTO HistoricoDepartamento(id_pessoa, id_departamento, turno, data_entrada, data_saida) VALUES (117,7,'dia',TO_DATE('2009/02/18','RRRR/MM/DD'),NULL);
INSERT INTO HistoricoDepartamento(id_pessoa, id_departamento, turno, data_entrada, data_saida) VALUES (118,7,'dia',TO_DATE('2009/02/13','RRRR/MM/DD'),NULL);
INSERT INTO HistoricoDepartamento(id_pessoa, id_departamento, turno, data_entrada, data_saida) VALUES (119,7,'dia',TO_DATE('2009/02/25','RRRR/MM/DD'),NULL);
INSERT INTO HistoricoDepartamento(id_pessoa, id_departamento, turno, data_entrada, data_saida) VALUES (120,7,'dia',TO_DATE('2009/03/04','RRRR/MM/DD'),NULL);
INSERT INTO HistoricoDepartamento(id_pessoa, id_departamento, turno, data_entrada, data_saida) VALUES (121,15,'dia',TO_DATE('2009/01/02','RRRR/MM/DD'),NULL);
INSERT INTO HistoricoDepartamento(id_pessoa, id_departamento, turno, data_entrada, data_saida) VALUES (122,15,'tarde',TO_DATE('2008/12/07','RRRR/MM/DD'),NULL);
INSERT INTO HistoricoDepartamento(id_pessoa, id_departamento, turno, data_entrada, data_saida) VALUES (123,15,'tarde',TO_DATE('2008/12/07','RRRR/MM/DD'),NULL);
INSERT INTO HistoricoDepartamento(id_pessoa, id_departamento, turno, data_entrada, data_saida) VALUES (124,15,'noite',TO_DATE('2008/12/26','RRRR/MM/DD'),NULL);
INSERT INTO HistoricoDepartamento(id_pessoa, id_departamento, turno, data_entrada, data_saida) VALUES (125,15,'dia',TO_DATE('2009/01/20','RRRR/MM/DD'),NULL);
INSERT INTO HistoricoDepartamento(id_pessoa, id_departamento, turno, data_entrada, data_saida) VALUES (126,15,'dia',TO_DATE('2009/02/26','RRRR/MM/DD'),NULL);
INSERT INTO HistoricoDepartamento(id_pessoa, id_departamento, turno, data_entrada, data_saida) VALUES (127,7,'noite',TO_DATE('2009/01/03','RRRR/MM/DD'),NULL);
INSERT INTO HistoricoDepartamento(id_pessoa, id_departamento, turno, data_entrada, data_saida) VALUES (128,7,'noite',TO_DATE('2008/12/04','RRRR/MM/DD'),TO_DATE('2017/01/13','RRRR/MM/DD'));
INSERT INTO HistoricoDepartamento(id_pessoa, id_departamento, turno, data_entrada, data_saida) VALUES (129,7,'noite',TO_DATE('2008/12/22','RRRR/MM/DD'),TO_DATE('2017/01/13','RRRR/MM/DD'));


/*Inserção na tabela tabela de vendedores*/
INSERT INTO Vendedor(id_pessoa, bonus, comissao, vendas_ano, vendas_ano_anterior, cota_vendas) VALUES (100,0,0,559.5639,0,0);
INSERT INTO Vendedor(id_pessoa, bonus, comissao, vendas_ano, vendas_ano_anterior, cota_vendas) VALUES (101,4100,0.012,376.1787,1750406.4785,3000);
INSERT INTO Vendedor(id_pessoa, bonus, comissao, vendas_ano, vendas_ano_anterior, cota_vendas) VALUES (102,2000,0.015,425.5497,1439156.0291,2500);
INSERT INTO Vendedor(id_pessoa, bonus, comissao, vendas_ano, vendas_ano_anterior, cota_vendas) VALUES (103,2500,0.015,318.3662,1997186.2037,200);
INSERT INTO Vendedor(id_pessoa, bonus, comissao, vendas_ano, vendas_ano_anterior, cota_vendas) VALUES (104,500,0.01,145.4653,1620276.8966,2500);
INSERT INTO Vendedor(id_pessoa, bonus, comissao, vendas_ano, vendas_ano_anterior, cota_vendas) VALUES (105,6700,0.01,231.611,1849640.9418,3000);
INSERT INTO Vendedor(id_pessoa, bonus, comissao, vendas_ano, vendas_ano_anterior, cota_vendas) VALUES (106,65000,0.01,135.1325,1927059.178,2500);
INSERT INTO Vendedor(id_pessoa, bonus, comissao, vendas_ano, vendas_ano_anterior, cota_vendas) VALUES (107,3550,0.01,245.6169,2073505.9999,2000);
INSERT INTO Vendedor(id_pessoa, bonus, comissao, vendas_ano, vendas_ano_anterior, cota_vendas) VALUES (108,5000,0.015,260.7172,2038234.6549,2500);
INSERT INTO Vendedor(id_pessoa, bonus, comissao, vendas_ano, vendas_ano_anterior, cota_vendas) VALUES (109,3500,0.012,15730.9383,1371635.3158,200);
INSERT INTO Vendedor(id_pessoa, bonus, comissao, vendas_ano, vendas_ano_anterior, cota_vendas) VALUES (110,3900,0.019,1576.1966,0,3000);
INSERT INTO Vendedor(id_pessoa, bonus, comissao, vendas_ano, vendas_ano_anterior, cota_vendas) VALUES (111,0,0,1725.4512,0,0);
INSERT INTO Vendedor(id_pessoa, bonus, comissao, vendas_ano, vendas_ano_anterior, cota_vendas) VALUES (112,5650,0.018,14218.9242,2278548.9776,2500);
INSERT INTO Vendedor(id_pessoa, bonus, comissao, vendas_ano, vendas_ano_anterior, cota_vendas) VALUES (113,0,0,5199.932,0,0);
INSERT INTO Vendedor(id_pessoa, bonus, comissao, vendas_ano, vendas_ano_anterior, cota_vendas) VALUES (114,75,0.018,18270.7118,1307949.7917,2000);
INSERT INTO Vendedor(id_pessoa, bonus, comissao, vendas_ano, vendas_ano_anterior, cota_vendas) VALUES (115,5150,0.02,4116.2277,1635823.3967,2500);


/*REL1: CARTÃO DE CREDITO - ATRIBUTO DE CLIENTE*/
/*Obs.: Ajustei o vencimento do cartão de crédito com base em 2018*/ 
/*Total de 30 clientes - 8 cartões vencidos*/
INSERT INTO Cliente(id_cliente,id_pessoa,cartao_tipo,cartao_numero,cartao_validade_mes,cartao_validade_ano) VALUES (400,1,'SuperiorCard','33334548430822',11,2025);
INSERT INTO Cliente(id_cliente,id_pessoa,cartao_tipo,cartao_numero,cartao_validade_mes,cartao_validade_ano) VALUES (401,2,'Distinguish','55553241058625',5,2024);
INSERT INTO Cliente(id_cliente,id_pessoa,cartao_tipo,cartao_numero,cartao_validade_mes,cartao_validade_ano) VALUES (402,3,'Distinguish','55554575453110',5,2024);
INSERT INTO Cliente(id_cliente,id_pessoa,cartao_tipo,cartao_numero,cartao_validade_mes,cartao_validade_ano) VALUES (403,4,'SuperiorCard','33339506236322',3,2025);
INSERT INTO Cliente(id_cliente,id_pessoa,cartao_tipo,cartao_numero,cartao_validade_mes,cartao_validade_ano) VALUES (404,5,'Distinguish','55557991221331',4,2023);
INSERT INTO Cliente(id_cliente,id_pessoa,cartao_tipo,cartao_numero,cartao_validade_mes,cartao_validade_ano) VALUES (405,6,'SuperiorCard','33338441537220',3,2023);
INSERT INTO Cliente(id_cliente,id_pessoa,cartao_tipo,cartao_numero,cartao_validade_mes,cartao_validade_ano) VALUES (406,7,'ColonialVoice','77775602803266',3,2022);
INSERT INTO Cliente(id_cliente,id_pessoa,cartao_tipo,cartao_numero,cartao_validade_mes,cartao_validade_ano) VALUES (407,8,'SuperiorCard','33331798677852',12,2024);
INSERT INTO Cliente(id_cliente,id_pessoa,cartao_tipo,cartao_numero,cartao_validade_mes,cartao_validade_ano) VALUES (408,9,'Vista','11115260292211',7,2012);
INSERT INTO Cliente(id_cliente,id_pessoa,cartao_tipo,cartao_numero,cartao_validade_mes,cartao_validade_ano) VALUES (409,10,'Vista','11111676863039',2,2011);
INSERT INTO Cliente(id_cliente,id_pessoa,cartao_tipo,cartao_numero,cartao_validade_mes,cartao_validade_ano) VALUES (410,11,'ColonialVoice','77779372909007',1,2022);
INSERT INTO Cliente(id_cliente,id_pessoa,cartao_tipo,cartao_numero,cartao_validade_mes,cartao_validade_ano) VALUES (411,12,'Vista','11118593590032',3,2017);
INSERT INTO Cliente(id_cliente,id_pessoa,cartao_tipo,cartao_numero,cartao_validade_mes,cartao_validade_ano) VALUES (412,13,'Distinguish','55551806003174',1,2016);
INSERT INTO Cliente(id_cliente,id_pessoa,cartao_tipo,cartao_numero,cartao_validade_mes,cartao_validade_ano) VALUES (413,14,'SuperiorCard','33334743958687',4,2022);
INSERT INTO Cliente(id_cliente,id_pessoa,cartao_tipo,cartao_numero,cartao_validade_mes,cartao_validade_ano) VALUES (414,15,'SuperiorCard','33339257596252',7,2018);
INSERT INTO Cliente(id_cliente,id_pessoa,cartao_tipo,cartao_numero,cartao_validade_mes,cartao_validade_ano) VALUES (415,16,'ColonialVoice','77779861228199',9,2016);
INSERT INTO Cliente(id_cliente,id_pessoa,cartao_tipo,cartao_numero,cartao_validade_mes,cartao_validade_ano) VALUES (416,17,'Vista','11113908897376',10,2018);
INSERT INTO Cliente(id_cliente,id_pessoa,cartao_tipo,cartao_numero,cartao_validade_mes,cartao_validade_ano) VALUES (417,18,'SuperiorCard','33336279690357',7,2023);
INSERT INTO Cliente(id_cliente,id_pessoa,cartao_tipo,cartao_numero,cartao_validade_mes,cartao_validade_ano) VALUES (418,19,'Vista','11111216639504',4,2026);
INSERT INTO Cliente(id_cliente,id_pessoa,cartao_tipo,cartao_numero,cartao_validade_mes,cartao_validade_ano) VALUES (419,20,'ColonialVoice','77772183705795',5,2022);
INSERT INTO Cliente(id_cliente,id_pessoa,cartao_tipo,cartao_numero,cartao_validade_mes,cartao_validade_ano) VALUES (420,21,'Distinguish','55556681633131',5,2021);
INSERT INTO Cliente(id_cliente,id_pessoa,cartao_tipo,cartao_numero,cartao_validade_mes,cartao_validade_ano) VALUES (421,22,'Vista','11112489601259',12,2021);
INSERT INTO Cliente(id_cliente,id_pessoa,cartao_tipo,cartao_numero,cartao_validade_mes,cartao_validade_ano) VALUES (422,23,'SuperiorCard','33331132642145',10,2021);
INSERT INTO Cliente(id_cliente,id_pessoa,cartao_tipo,cartao_numero,cartao_validade_mes,cartao_validade_ano) VALUES (423,24,'Distinguish','55558880005176',1,2017);
INSERT INTO Cliente(id_cliente,id_pessoa,cartao_tipo,cartao_numero,cartao_validade_mes,cartao_validade_ano) VALUES (424,25,'ColonialVoice','77774383346604',12,2015);
INSERT INTO Cliente(id_cliente,id_pessoa,cartao_tipo,cartao_numero,cartao_validade_mes,cartao_validade_ano) VALUES (425,26,'Vista','11114974182332',5,2025);
INSERT INTO Cliente(id_cliente,id_pessoa,cartao_tipo,cartao_numero,cartao_validade_mes,cartao_validade_ano) VALUES (426,27,'SuperiorCard','33334352720829',5,2027);
INSERT INTO Cliente(id_cliente,id_pessoa,cartao_tipo,cartao_numero,cartao_validade_mes,cartao_validade_ano) VALUES (427,28,'Distinguish','55553740435223',7,2018);
INSERT INTO Cliente(id_cliente,id_pessoa,cartao_tipo,cartao_numero,cartao_validade_mes,cartao_validade_ano) VALUES (428,29,'ColonialVoice','77779724619267',1,2018);
INSERT INTO Cliente(id_cliente,id_pessoa,cartao_tipo,cartao_numero,cartao_validade_mes,cartao_validade_ano) VALUES (429,30,'Vista','11111698762965',4,2016);
INSERT INTO Cliente(id_cliente,id_pessoa,cartao_tipo,cartao_numero,cartao_validade_mes,cartao_validade_ano) VALUES(12361273,9040996,'SuperiorCard','33334548430821',10, 2018);


/*CATEGORIA*/
INSERT INTO Categoria(id_categoria,nome) VALUES (1,'Bikes');
INSERT INTO Categoria(id_categoria,nome) VALUES (2,'Components');
INSERT INTO Categoria(id_categoria,nome) VALUES (3,'Clothing');
INSERT INTO Categoria(id_categoria,nome) VALUES (4,'Accessories');


/*SUBCATEGORIA*/
INSERT INTO Subcategoria(id_subcategoria,id_categoria,nome) VALUES (1,1,'Mountain Bikes');
INSERT INTO Subcategoria(id_subcategoria,id_categoria,nome) VALUES (2,1,'Road Bikes');
INSERT INTO Subcategoria(id_subcategoria,id_categoria,nome) VALUES (3,1,'Touring Bikes');
INSERT INTO Subcategoria(id_subcategoria,id_categoria,nome) VALUES (4,2,'Handlebars');
INSERT INTO Subcategoria(id_subcategoria,id_categoria,nome) VALUES (5,2,'Bottom Brackets');
INSERT INTO Subcategoria(id_subcategoria,id_categoria,nome) VALUES (6,2,'Brakes');
INSERT INTO Subcategoria(id_subcategoria,id_categoria,nome) VALUES (7,2,'Chains');
INSERT INTO Subcategoria(id_subcategoria,id_categoria,nome) VALUES (8,2,'Cranksets');
INSERT INTO Subcategoria(id_subcategoria,id_categoria,nome) VALUES (9,2,'Derailleurs');
INSERT INTO Subcategoria(id_subcategoria,id_categoria,nome) VALUES (10,2,'Forks');
INSERT INTO Subcategoria(id_subcategoria,id_categoria,nome) VALUES (11,2,'Headsets');
INSERT INTO Subcategoria(id_subcategoria,id_categoria,nome) VALUES (12,2,'Mountain Frames');
INSERT INTO Subcategoria(id_subcategoria,id_categoria,nome) VALUES (13,2,'Pedals');
INSERT INTO Subcategoria(id_subcategoria,id_categoria,nome) VALUES (14,2,'Road Frames');
INSERT INTO Subcategoria(id_subcategoria,id_categoria,nome) VALUES (15,2,'Saddles');
INSERT INTO Subcategoria(id_subcategoria,id_categoria,nome) VALUES (16,2,'Touring Frames');
INSERT INTO Subcategoria(id_subcategoria,id_categoria,nome) VALUES (17,2,'Wheels');
INSERT INTO Subcategoria(id_subcategoria,id_categoria,nome) VALUES (18,3,'Bib-Shorts');
INSERT INTO Subcategoria(id_subcategoria,id_categoria,nome) VALUES (19,3,'Caps');
INSERT INTO Subcategoria(id_subcategoria,id_categoria,nome) VALUES (20,3,'Gloves');
INSERT INTO Subcategoria(id_subcategoria,id_categoria,nome) VALUES (21,3,'Jerseys');
INSERT INTO Subcategoria(id_subcategoria,id_categoria,nome) VALUES (22,3,'Shorts');
INSERT INTO Subcategoria(id_subcategoria,id_categoria,nome) VALUES (23,3,'Socks');
INSERT INTO Subcategoria(id_subcategoria,id_categoria,nome) VALUES (24,3,'Tights');
INSERT INTO Subcategoria(id_subcategoria,id_categoria,nome) VALUES (25,3,'Vests');
INSERT INTO Subcategoria(id_subcategoria,id_categoria,nome) VALUES (26,4,'Bike Racks');
INSERT INTO Subcategoria(id_subcategoria,id_categoria,nome) VALUES (27,4,'Bike Stands');
INSERT INTO Subcategoria(id_subcategoria,id_categoria,nome) VALUES (28,4,'Bottles and Cages');
INSERT INTO Subcategoria(id_subcategoria,id_categoria,nome) VALUES (29,4,'Cleaners');
INSERT INTO Subcategoria(id_subcategoria,id_categoria,nome) VALUES (30,4,'Fenders');
INSERT INTO Subcategoria(id_subcategoria,id_categoria,nome) VALUES (31,4,'Helmets');
INSERT INTO Subcategoria(id_subcategoria,id_categoria,nome) VALUES (32,4,'Hydration Packs');
INSERT INTO Subcategoria(id_subcategoria,id_categoria,nome) VALUES (33,4,'Lights');
INSERT INTO Subcategoria(id_subcategoria,id_categoria,nome) VALUES (34,4,'Locks');
INSERT INTO Subcategoria(id_subcategoria,id_categoria,nome) VALUES (35,4,'Panniers');
INSERT INTO Subcategoria(id_subcategoria,id_categoria,nome) VALUES (36,4,'Pumps');
INSERT INTO Subcategoria(id_subcategoria,id_categoria,nome) VALUES (37,4,'Tires and Tubes');
INSERT INTO Subcategoria(id_subcategoria,id_categoria,nome) VALUES (38,1,'Other');


/*30 produtos cadastrados*/
INSERT INTO Produto(id_produto,nome,numero_produto,preco,id_subcategoria,cor,tamanho,peso,descricao,quantidade,modelo) VALUES (1,'Adjustable Race','AR-5381',4.20,38,NULL,NULL,12.8,NULL,750,NULL);
INSERT INTO Produto(id_produto,nome,numero_produto,preco,id_subcategoria,cor,tamanho,peso,descricao,quantidade,modelo) VALUES (2,'Bearing Ball','BA-8327',3.70,38,NULL,NULL,0.45,NULL,750,NULL);
INSERT INTO Produto(id_produto,nome,numero_produto,preco,id_subcategoria,cor,tamanho,peso,descricao,quantidade,modelo) VALUES (3,'BB Ball Bearing','BE-2349',4.30,38,NULL,NULL,0.42,NULL,600,NULL);
INSERT INTO Produto(id_produto,nome,numero_produto,preco,id_subcategoria,cor,tamanho,peso,descricao,quantidade,modelo) VALUES (4,'Headset Ball Bearings','BE-2908',7.50,38,NULL,1.22,NULL,'This bike delivers a high-level of performance on a budget. It is responsive and maneuverable, and offers peace-of-mind when you decide to go off-road.',600,NULL);
INSERT INTO Produto(id_produto,nome,numero_produto,preco,id_subcategoria,cor,tamanho,peso,descricao,quantidade,modelo) VALUES (5,'Blade','BL-2036',8.50,38,NULL,1.31,NULL,'For true trail addicts.  An extremely durable bike that will go anywhere and keep you in control on challenging terrain - without breaking your budget.',600,NULL);
INSERT INTO Produto(id_produto,nome,numero_produto,preco,id_subcategoria,cor,tamanho,peso,descricao,quantidade,modelo) VALUES (6,'LL Crankarm','CA-5965',15.00,38,'Black',0.86,NULL,'Serious back-country riding. Perfect for all levels of competition. Uses the same HL Frame as the Mountain-100.',375,NULL);
INSERT INTO Produto(id_produto,nome,numero_produto,preco,id_subcategoria,cor,tamanho,peso,descricao,quantidade,modelo) VALUES (7,'ML Crankarm','CA-6738',15.00,38,'Black',0.76,NULL,'Top-of-the-line competition mountain bike. Performance-enhancing options include the innovative HL Frame, super-smooth front suspension, and traction for all terrain.',375,NULL);
INSERT INTO Produto(id_produto,nome,numero_produto,preco,id_subcategoria,cor,tamanho,peso,descricao,quantidade,modelo) VALUES (8,'HL Crankarm','CA-7457',24.55,38,'Black',1.03,NULL,'Suitable for any type of off-road trip. Fits any budget.',7,NULL);
INSERT INTO Produto(id_produto,nome,numero_produto,preco,id_subcategoria,cor,tamanho,peso,descricao,quantidade,modelo) VALUES (9,'Chainring Bolts','CB-2903',29.99,38,'Silver',1.02,NULL,'Entry level adult bike, offers a comfortable ride cross-country or down the block. Quick-release hubs and rims.',750,NULL);
INSERT INTO Produto(id_produto,nome,numero_produto,preco,id_subcategoria,cor,tamanho,peso,descricao,quantidade,modelo) VALUES (10,'Chainring Nut','CN-6137',29.99,38,'Silver',0.34,NULL,'Value-priced bike with many features of our top-of-the-line models. Has the same light, stiff frame, and the quick acceleration we''re famous for.',750,NULL);
INSERT INTO Produto(id_produto,nome,numero_produto,preco,id_subcategoria,cor,tamanho,peso,descricao,quantidade,modelo) VALUES (11,'Chainring','CR-7833',7.99,38,'Black',0.78,NULL,'Same technology as all of our Road series bikes, but the frame is sized for a woman.  Perfect all-around bike for road or racing.',750,NULL);
INSERT INTO Produto(id_produto,nome,numero_produto,preco,id_subcategoria,cor,tamanho,peso,descricao,quantidade,modelo) VALUES (12,'Crown Race','CR-9981',8.25,38,NULL,0.43,NULL,'Same technology as all of our Road series bikes.  Perfect all-around bike for road or racing.',750,NULL);
INSERT INTO Produto(id_produto,nome,numero_produto,preco,id_subcategoria,cor,tamanho,peso,descricao,quantidade,modelo) VALUES (13,'Chain Stays','CS-2812',8.99,38,NULL,0.91,NULL,'A true multi-sport bike that offers streamlined riding and a revolutionary design. Aerodynamic design lets you ride with the pros, and the gearing will conquer hilly roads.',750,NULL);
INSERT INTO Produto(id_produto,nome,numero_produto,preco,id_subcategoria,cor,tamanho,peso,descricao,quantidade,modelo) VALUES (14,'Decal 1','DC-8732',6.50,38,NULL,2.93,NULL,'Cross-train, race, or just socialize on a sleek, aerodynamic bike.  Advanced seat technology provides comfort all day.',750,NULL);
INSERT INTO Produto(id_produto,nome,numero_produto,preco,id_subcategoria,cor,tamanho,peso,descricao,quantidade,modelo) VALUES (15,'Decal 2','DC-9824',6.50,38,NULL,0.73,NULL,'Cross-train, race, or just socialize on a sleek, aerodynamic bike designed for a woman.  Advanced seat technology provides comfort all day.',750,NULL);
INSERT INTO Produto(id_produto,nome,numero_produto,preco,id_subcategoria,cor,tamanho,peso,descricao,quantidade,modelo) VALUES (16,'Down Tube','DT-2377',22.99,38,NULL,0.98,NULL,'Alluminum-alloy frame provides a light, stiff ride, whether you are racing in the velodrome or on a demanding club ride on country roads.',600,NULL);
INSERT INTO Produto(id_produto,nome,numero_produto,preco,id_subcategoria,cor,tamanho,peso,descricao,quantidade,modelo) VALUES (17,'Mountain End Caps','EC-M092',20.50,38,NULL,1.75,NULL,'This bike is ridden by race winners. Developed with the Adventure Works Cycles professional race team, it has a extremely light heat-treated aluminum frame, and steering that allows precision control.',750,NULL);
INSERT INTO Produto(id_produto,nome,numero_produto,preco,id_subcategoria,cor,tamanho,peso,descricao,quantidade,modelo) VALUES (18,'Road End Caps','EC-R098',32.50,38,NULL,0.81,NULL,'All-occasion value bike with our basic comfort and safety features. Offers wider, more stable tires for a ride around town or weekend trip.',750,NULL);
INSERT INTO Produto(id_produto,nome,numero_produto,preco,id_subcategoria,cor,tamanho,peso,descricao,quantidade,modelo) VALUES (19,'Touring End Caps','EC-T209',12.50,38,NULL,1.92,NULL,'The plush custom saddle keeps you riding all day,  and there''s plenty of space to add panniers and bike bags to the newly-redesigned carrier.  This bike has stability when fully-loaded.',5,NULL);
INSERT INTO Produto(id_produto,nome,numero_produto,preco,id_subcategoria,cor,tamanho,peso,descricao,quantidade,modelo) VALUES (20,'Fork End','FE-3760',5.99,38,NULL,3.42,NULL,'Travel in style and comfort. Designed for maximum comfort and safety. Wide gear range takes on all hills. High-tech aluminum alloy construction provides durability without added weight.',9,NULL);
INSERT INTO Produto(id_produto,nome,numero_produto,preco,id_subcategoria,cor,tamanho,peso,descricao,quantidade,modelo) VALUES (21,'Freewheel','FH-2981',5.99,38,'Silver',1.98,NULL,'Superior shifting performance.',7,NULL);
INSERT INTO Produto(id_produto,nome,numero_produto,preco,id_subcategoria,cor,tamanho,peso,descricao,quantidade,modelo) VALUES (22,'Flat Washer 1','FW-1000',3.65,38,NULL,0.43,NULL,'Super rigid spindle.',750,NULL);
INSERT INTO Produto(id_produto,nome,numero_produto,preco,id_subcategoria,cor,tamanho,peso,descricao,quantidade,modelo) VALUES (23,'Flat Washer 6','FW-1200',4.65,38,NULL,0.43,NULL,'High-strength crank arm.',750,NULL);
INSERT INTO Produto(id_produto,nome,numero_produto,preco,id_subcategoria,cor,tamanho,peso,descricao,quantidade,modelo) VALUES (24,'Flat Washer 2','FW-1400',4.65,38,NULL,0.47,NULL,'Triple crankset, alumunim crank arm, flawless shifting.',750,NULL);
INSERT INTO Produto(id_produto,nome,numero_produto,preco,id_subcategoria,cor,tamanho,peso,descricao,quantidade,modelo) VALUES (25,'Flat Washer 9','FW-3400',5.15,38,NULL,0.65,NULL,'All-weather brake pads, provides superior stopping by applying more surface to the rim.',8,NULL);
INSERT INTO Produto(id_produto,nome,numero_produto,preco,id_subcategoria,cor,tamanho,peso,descricao,quantidade,modelo) VALUES (26,'Flat Washer 4','FW-3800',5.15,38,NULL,0.76,NULL,'Wide-link design.',750,NULL);
INSERT INTO Produto(id_produto,nome,numero_produto,preco,id_subcategoria,cor,tamanho,peso,descricao,quantidade,modelo) VALUES (27,'Flat Washer 3','FW-5160',5.15,38,NULL,0.67,NULL,'Stout design absorbs shock and offers more precise steering.',10,NULL);
INSERT INTO Produto(id_produto,nome,numero_produto,preco,id_subcategoria,cor,tamanho,peso,descricao,quantidade,modelo) VALUES (28,'Flat Washer 8','FW-5800',8.15,38,NULL,0.43,NULL,'Composite road fork with an aluminum steerer tube.',750,NULL);
INSERT INTO Produto(id_produto,nome,numero_produto,preco,id_subcategoria,cor,tamanho,peso,descricao,quantidade,modelo) VALUES (29,'Flat Washer 5','FW-7160',8.25,38,NULL,0.54,NULL,'High-performance carbon road fork with curved legs.',750,NULL);
INSERT INTO Produto(id_produto,nome,numero_produto,preco,id_subcategoria,cor,tamanho,peso,descricao,quantidade,modelo) VALUES (30,'Flat Washer 7','FW-9160',8.30,38,NULL,0.65,NULL,'Our best value utilizing the same, ground-breaking frame technology as the ML aluminum frame.',15,NULL);


/*REL3: FRETE - ATRIBUTO DE VENDAS*/

/*Total de 40 vendas
20 vendas com total menor ou igual a 2000
20 vendas com total maior 2000

/*REL4: VENDAS POR ANO
40 Vendas no total

/*8 vendas em 2014
	3 em março
	2 em abril 
	1 em maio
	2 em agosto*/


/*REL6: PARES DE PRODUTOS VENDIDOS NUMA MESMA VENDA*/
/*Ajustar a tabela acima VENDA para que mais de um produto seja vendido numa mesma venda*/

INSERT INTO Venda(id_venda,id_cliente,id_vendedor,data_venda,data_vencimento,status,subtotal,codigo_aprovacao_cartao,data_envio,valor_frete,total) VALUES (1,401,104,TO_DATE('2014/04/13','RRRR/MM/DD'),TO_DATE('2014/04/25','RRRR/MM/DD'),5,357827,'930863Vi50487',TO_DATE('2012/01/20','RRRR/MM/DD'),84,884);
INSERT INTO Venda(id_venda,id_cliente,id_vendedor,data_venda,data_vencimento,status,subtotal,codigo_aprovacao_cartao,data_envio,valor_frete,total) VALUES (2,402,104,TO_DATE('2014/04/26','RRRR/MM/DD'),TO_DATE('2014/05/07','RRRR/MM/DD'),5,357827,'634616Vi56238',TO_DATE('2011/03/07','RRRR/MM/DD'),894,384);
INSERT INTO Venda(id_venda,id_cliente,id_vendedor,data_venda,data_vencimento,status,subtotal,codigo_aprovacao_cartao,data_envio,valor_frete,total) VALUES (3,408,102,TO_DATE('2014/04/26','RRRR/MM/DD'),TO_DATE('2014/05/07','RRRR/MM/DD'),5,357827,'134625Vi69865',TO_DATE('2011/03/07','RRRR/MM/DD'),56,988);
INSERT INTO Venda(id_venda,id_cliente,id_vendedor,data_venda,data_vencimento,status,subtotal,codigo_aprovacao_cartao,data_envio,valor_frete,total) VALUES (4,404,103,TO_DATE('2014/05/26','RRRR/MM/DD'),TO_DATE('2014/05/30','RRRR/MM/DD'),5,339999,'935096Vi26471',TO_DATE('2011/03/07','RRRR/MM/DD'),98,2000);
INSERT INTO Venda(id_venda,id_cliente,id_vendedor,data_venda,data_vencimento,status,subtotal,codigo_aprovacao_cartao,data_envio,valor_frete,total) VALUES (5,405,104,TO_DATE('2014/05/27','RRRR/MM/DD'),TO_DATE('2014/05/30','RRRR/MM/DD'),5,6990982,'830400Vi39580',TO_DATE('2011/04/07','RRRR/MM/DD'),47,1999);
INSERT INTO Venda(id_venda,id_cliente,id_vendedor,data_venda,data_vencimento,status,subtotal,codigo_aprovacao_cartao,data_envio,valor_frete,total) VALUES (6,406,105,TO_DATE('2014/06/27','RRRR/MM/DD'),TO_DATE('2014/07/07','RRRR/MM/DD'),5,6990982,'1233794Vi37022',TO_DATE('2011/04/07','RRRR/MM/DD'),17,1998);
INSERT INTO Venda(id_venda,id_cliente,id_vendedor,data_venda,data_vencimento,status,subtotal,codigo_aprovacao_cartao,data_envio,valor_frete,total) VALUES (7,407,106,TO_DATE('2014/07/29','RRRR/MM/DD'),TO_DATE('2014/08/07','RRRR/MM/DD'),5,337499,'933259Vi14346',TO_DATE('2011/06/07','RRRR/MM/DD'),37,64);
INSERT INTO Venda(id_venda,id_cliente,id_vendedor,data_venda,data_vencimento,status,subtotal,codigo_aprovacao_cartao,data_envio,valor_frete,total) VALUES (8,408,107,TO_DATE('2014/07/08','RRRR/MM/DD'),TO_DATE('2014/07/20','RRRR/MM/DD'),5,357827,'434455Vi1576',TO_DATE('2011/08/15','RRRR/MM/DD'),455,53);

/*9 vendas em 2015
	3 janeiro
	2 fevereiro
	2 novembro
	2 dezembro*/
INSERT INTO Venda(id_venda,id_cliente,id_vendedor,data_venda,data_vencimento,status,subtotal,codigo_aprovacao_cartao,data_envio,valor_frete,total) VALUES (9,409,108,TO_DATE('2015/01/08','RRRR/MM/DD'),TO_DATE('2015/01/20','RRRR/MM/DD'),5,357827,'435649Vi35987',TO_DATE('2015/04/13','RRRR/MM/DD'),22,39);
INSERT INTO Venda(id_venda,id_cliente,id_vendedor,data_venda,data_vencimento,status,subtotal,codigo_aprovacao_cartao,data_envio,valor_frete,total) VALUES (10,410,103,TO_DATE('2015/01/08','RRRR/MM/DD'),TO_DATE('2015/01/21','RRRR/MM/DD'),5,357827,'531047Vi60568',TO_DATE('2015/04/13','RRRR/MM/DD'),23,95);
INSERT INTO Venda(id_venda,id_cliente,id_vendedor,data_venda,data_vencimento,status,subtotal,codigo_aprovacao_cartao,data_envio,valor_frete,total) VALUES (11,411,110,TO_DATE('2015/01/08','RRRR/MM/DD'),TO_DATE('2015/01/21','RRRR/MM/DD'),5,337499,'831750Vi41055',TO_DATE('2015/04/13','RRRR/MM/DD'),43,729);
INSERT INTO Venda(id_venda,id_cliente,id_vendedor,data_venda,data_vencimento,status,subtotal,codigo_aprovacao_cartao,data_envio,valor_frete,total) VALUES (12,422,111,TO_DATE('2015/02/08','RRRR/MM/DD'),TO_DATE('2015/02/21','RRRR/MM/DD'),5,357827,'335382Vi76671',TO_DATE('2015/04/13','RRRR/MM/DD'),45,395);
INSERT INTO Venda(id_venda,id_cliente,id_vendedor,data_venda,data_vencimento,status,subtotal,codigo_aprovacao_cartao,data_envio,valor_frete,total) VALUES (13,413,112,TO_DATE('2015/02/18','RRRR/MM/DD'),TO_DATE('2015/03/25','RRRR/MM/DD'),5,6990982,'1230408Vi10291',TO_DATE('2015/04/13','RRRR/MM/DD'),175,77);
INSERT INTO Venda(id_venda,id_cliente,id_vendedor,data_venda,data_vencimento,status,subtotal,codigo_aprovacao_cartao,data_envio,valor_frete,total) VALUES (14,414,113,TO_DATE('2015/11/13','RRRR/MM/DD'),TO_DATE('2015/11/25','RRRR/MM/DD'),5,6990982,'930409Vi19793',TO_DATE('2016/04/13','RRRR/MM/DD'),174,250);
INSERT INTO Venda(id_venda,id_cliente,id_vendedor,data_venda,data_vencimento,status,subtotal,codigo_aprovacao_cartao,data_envio,valor_frete,total) VALUES (15,407,104,TO_DATE('2015/11/14','RRRR/MM/DD'),TO_DATE('2015/11/26','RRRR/MM/DD'),5,357827,'433642Vi83041',TO_DATE('2016/04/13','RRRR/MM/DD'),45,998);
INSERT INTO Venda(id_venda,id_cliente,id_vendedor,data_venda,data_vencimento,status,subtotal,codigo_aprovacao_cartao,data_envio,valor_frete,total) VALUES (16,408,115,TO_DATE('2015/12/15','RRRR/MM/DD'),TO_DATE('2015/12/27','RRRR/MM/DD'),5,357827,'434468Vi61462',TO_DATE('2016/04/13','RRRR/MM/DD'),68,1830);
INSERT INTO Venda(id_venda,id_cliente,id_vendedor,data_venda,data_vencimento,status,subtotal,codigo_aprovacao_cartao,data_envio,valor_frete,total) VALUES (17,417,100,TO_DATE('2015/12/15','RRRR/MM/DD'),TO_DATE('2015/12/27','RRRR/MM/DD'),5,357827,'235388Vi83610',TO_DATE('2016/04/13','RRRR/MM/DD'),568,1829);

/*7 vendas em 2016
	1 em janeiro
	1 em junho
	2 em julho
	3 em setembro*/
INSERT INTO Venda(id_venda,id_cliente,id_vendedor,data_venda,data_vencimento,status,subtotal,codigo_aprovacao_cartao,data_envio,valor_frete,total) VALUES (18,418,101,TO_DATE('2016/01/17','RRRR/MM/DD'),TO_DATE('2016/01/29','RRRR/MM/DD'),5,339999,'331747Vi80825',TO_DATE('2016/02/13','RRRR/MM/DD'),998,666);
INSERT INTO Venda(id_venda,id_cliente,id_vendedor,data_venda,data_vencimento,status,subtotal,codigo_aprovacao_cartao,data_envio,valor_frete,total) VALUES (19,419,102,TO_DATE('2016/06/18','RRRR/MM/DD'),TO_DATE('2016/06/13','RRRR/MM/DD'),5,357827,'533968Vi77089',TO_DATE('2016/07/13','RRRR/MM/DD'),568,666);
INSERT INTO Venda(id_venda,id_cliente,id_vendedor,data_venda,data_vencimento,status,subtotal,codigo_aprovacao_cartao,data_envio,valor_frete,total) VALUES (20,422,103,TO_DATE('2016/07/19','RRRR/MM/DD'),TO_DATE('2016/07/30','RRRR/MM/DD'),5,357827,'331040Vi8758',TO_DATE('2016/08/13','RRRR/MM/DD'),568,777);
INSERT INTO Venda(id_venda,id_cliente,id_vendedor,data_venda,data_vencimento,status,subtotal,codigo_aprovacao_cartao,data_envio,valor_frete,total) VALUES (21,421,104,TO_DATE('2016/07/19','RRRR/MM/DD'),TO_DATE('2016/07/31','RRRR/MM/DD'),5,6990982,'233807Vi14021',TO_DATE('2016/08/13','RRRR/MM/DD'),17,3427);
INSERT INTO Venda(id_venda,id_cliente,id_vendedor,data_venda,data_vencimento,status,subtotal,codigo_aprovacao_cartao,data_envio,valor_frete,total) VALUES (22,422,105,TO_DATE('2016/09/19','RRRR/MM/DD'),TO_DATE('2016/09/20','RRRR/MM/DD'),5,357827,'534467Vi73185',TO_DATE('2016/10/13','RRRR/MM/DD'),45,3953);
INSERT INTO Venda(id_venda,id_cliente,id_vendedor,data_venda,data_vencimento,status,subtotal,codigo_aprovacao_cartao,data_envio,valor_frete,total) VALUES (23,423,106,TO_DATE('2016/09/20','RRRR/MM/DD'),TO_DATE('2016/10/09','RRRR/MM/DD'),5,357827,'731059Vi78706',TO_DATE('2016/11/13','RRRR/MM/DD'),45,3953);
INSERT INTO Venda(id_venda,id_cliente,id_vendedor,data_venda,data_vencimento,status,subtotal,codigo_aprovacao_cartao,data_envio,valor_frete,total) VALUES (24,424,107,TO_DATE('2016/09/23','RRRR/MM/DD'),TO_DATE('2016/10/09','RRRR/MM/DD'),5,357827,'134470Vi68445',TO_DATE('2016/11/13','RRRR/MM/DD'),945,3884);

/*8 vendas em 2017
	2 em maio
	2 em agosto
	1 em outubro
	3 em novembro*/
INSERT INTO Venda(id_venda,id_cliente,id_vendedor,data_venda,data_vencimento,status,subtotal,codigo_aprovacao_cartao,data_envio,valor_frete,total) VALUES (25,425,108,TO_DATE('2017/05/12','RRRR/MM/DD'),TO_DATE('2017/05/13','RRRR/MM/DD'),5,357827,'934552Vi74889',TO_DATE('2017/06/13','RRRR/MM/DD'),568,984);
INSERT INTO Venda(id_venda,id_cliente,id_vendedor,data_venda,data_vencimento,status,subtotal,codigo_aprovacao_cartao,data_envio,valor_frete,total) VALUES (26,426,104,TO_DATE('2017/05/08','RRRR/MM/DD'),TO_DATE('2017/05/13','RRRR/MM/DD'),5,357827,'1131029Vi35534',TO_DATE('2017/06/13','RRRR/MM/DD'),568,884);
INSERT INTO Venda(id_venda,id_cliente,id_vendedor,data_venda,data_vencimento,status,subtotal,codigo_aprovacao_cartao,data_envio,valor_frete,total) VALUES (27,407,110,TO_DATE('2017/08/17','RRRR/MM/DD'),TO_DATE('2017/08/13','RRRR/MM/DD'),5,357827,'934539Vi48457',TO_DATE('2017/09/13','RRRR/MM/DD'),894,3884);
INSERT INTO Venda(id_venda,id_cliente,id_vendedor,data_venda,data_vencimento,status,subtotal,codigo_aprovacao_cartao,data_envio,valor_frete,total) VALUES (28,428,111,TO_DATE('2017/08/12','RRRR/MM/DD'),TO_DATE('2017/08/13','RRRR/MM/DD'),5,357827,'134550Vi9795',TO_DATE('2017/09/13','RRRR/MM/DD'),94,539);
INSERT INTO Venda(id_venda,id_cliente,id_vendedor,data_venda,data_vencimento,status,subtotal,codigo_aprovacao_cartao,data_envio,valor_frete,total) VALUES (29,429,102,TO_DATE('2017/09/21','RRRR/MM/DD'),TO_DATE('2017/09/13','RRRR/MM/DD'),5,357827,'434544Vi24387',TO_DATE('2017/10/13','RRRR/MM/DD'),94,5394);
INSERT INTO Venda(id_venda,id_cliente,id_vendedor,data_venda,data_vencimento,status,subtotal,codigo_aprovacao_cartao,data_envio,valor_frete,total) VALUES (30,408,103,TO_DATE('2017/11/10','RRRR/MM/DD'),TO_DATE('2017/11/13','RRRR/MM/DD'),5,357827,'631131Vi69068',TO_DATE('2017/11/13','RRRR/MM/DD'),94,34);
INSERT INTO Venda(id_venda,id_cliente,id_vendedor,data_venda,data_vencimento,status,subtotal,codigo_aprovacao_cartao,data_envio,valor_frete,total) VALUES (31,401,114,TO_DATE('2017/11/07','RRRR/MM/DD'),TO_DATE('2017/11/13','RRRR/MM/DD'),5,357827,'1034640Vi50592',TO_DATE('2017/11/13','RRRR/MM/DD'),89,3984);
INSERT INTO Venda(id_venda,id_cliente,id_vendedor,data_venda,data_vencimento,status,subtotal,codigo_aprovacao_cartao,data_envio,valor_frete,total) VALUES (32,402,115,TO_DATE('2017/11/13','RRRR/MM/DD'),TO_DATE('2017/11/13','RRRR/MM/DD'),5,6990982,'733800Vi10105',TO_DATE('2017/11/13','RRRR/MM/DD'),175,77);

/*8 vendas em 2018
	3 em outubro
	3 em novembro
	2 em dezembro*/
INSERT INTO Venda(id_venda,id_cliente,id_vendedor,data_venda,data_vencimento,status,subtotal,codigo_aprovacao_cartao,data_envio,valor_frete,total) VALUES (33,408,101,TO_DATE('2018/10/14','RRRR/MM/DD'),TO_DATE('2018/12/26','RRRR/MM/DD'),5,357827,'1031133Vi32137',TO_DATE('2018/12/13','RRRR/MM/DD'),894,384);
INSERT INTO Venda(id_venda,id_cliente,id_vendedor,data_venda,data_vencimento,status,subtotal,codigo_aprovacao_cartao,data_envio,valor_frete,total) VALUES (34,408,102,TO_DATE('2018/10/19','RRRR/MM/DD'),TO_DATE('2018/12/30','RRRR/MM/DD'),5,6990982,'730334Vi42087',TO_DATE('2018/12/13','RRRR/MM/DD'),17,772);
INSERT INTO Venda(id_venda,id_cliente,id_vendedor,data_venda,data_vencimento,status,subtotal,codigo_aprovacao_cartao,data_envio,valor_frete,total) VALUES (35,407,103,TO_DATE('2018/10/20','RRRR/MM/DD'),TO_DATE('2018/12/26','RRRR/MM/DD'),5,357827,'931021Vi10275',TO_DATE('2018/12/13','RRRR/MM/DD'),8,539);
INSERT INTO Venda(id_venda,id_cliente,id_vendedor,data_venda,data_vencimento,status,subtotal,codigo_aprovacao_cartao,data_envio,valor_frete,total) VALUES (36,406,104,TO_DATE('2018/11/21','RRRR/MM/DD'),TO_DATE('2018/12/29','RRRR/MM/DD'),5,357827,'831031Vi8248',TO_DATE('2018/12/13','RRRR/MM/DD'),868,59);
INSERT INTO Venda(id_venda,id_cliente,id_vendedor,data_venda,data_vencimento,status,subtotal,codigo_aprovacao_cartao,data_envio,valor_frete,total) VALUES (37,407,103,TO_DATE('2018/11/21','RRRR/MM/DD'),TO_DATE('2018/12/29','RRRR/MM/DD'),5,357827,'734545Vi82867',TO_DATE('2018/12/13','RRRR/MM/DD'),98,84);
INSERT INTO Venda(id_venda,id_cliente,id_vendedor,data_venda,data_vencimento,status,subtotal,codigo_aprovacao_cartao,data_envio,valor_frete,total) VALUES (38,408,104,TO_DATE('2018/11/27','RRRR/MM/DD'),TO_DATE('2018/12/29','RRRR/MM/DD'),5,357827,'1234560Vi44580',TO_DATE('2018/12/13','RRRR/MM/DD'),68,84);
INSERT INTO Venda(id_venda,id_cliente,id_vendedor,data_venda,data_vencimento,status,subtotal,codigo_aprovacao_cartao,data_envio,valor_frete,total) VALUES (39,409,NULL,TO_DATE('2018/12/22','RRRR/MM/DD'),TO_DATE('2019/01/30','RRRR/MM/DD'),5,337499,'933265Vi14869',TO_DATE('2019/01/13','RRRR/MM/DD'),47,72);
INSERT INTO Venda(id_venda,id_cliente,id_vendedor,data_venda,data_vencimento,status,subtotal,codigo_aprovacao_cartao,data_envio,valor_frete,total) VALUES (40,410,NULL,TO_DATE('2018/12/22','RRRR/MM/DD'),TO_DATE('2019/01/30','RRRR/MM/DD'),5,357827,'1234534Vi20959',TO_DATE('2019/01/13','RRRR/MM/DD'),63,53);

/*REL5: 15 PRODUTOS MAIS VENDIDOS NO SEMESTRE - ASSOCIAR TABELA PRODUTOS + TABELA ITEMVENDA*/



/*40 ITENSVENDA CADASTRADOS*/
/*1 ITEM POR VENDA*/
INSERT INTO ItemVenda(id_item,id_venda,id_produto,codigo_rastreio,quantidade_estoque,preco_unitario,desconto,total_item) VALUES (1,1,4,NULL,1,35,0,3578);
INSERT INTO ItemVenda(id_item,id_venda,id_produto,codigo_rastreio,quantidade_estoque,preco_unitario,desconto,total_item) VALUES (473,2,5,NULL,1,35,0,357);
INSERT INTO ItemVenda(id_item,id_venda,id_produto,codigo_rastreio,quantidade_estoque,preco_unitario,desconto,total_item) VALUES (474,3,30,NULL,1,35,0,357);
INSERT INTO ItemVenda(id_item,id_venda,id_produto,codigo_rastreio,quantidade_estoque,preco_unitario,desconto,total_item) VALUES (475,4,4,NULL,1,33,0,3990);
INSERT INTO ItemVenda(id_item,id_venda,id_produto,codigo_rastreio,quantidade_estoque,preco_unitario,desconto,total_item) VALUES (479,5,7,NULL,1,69,0,6990);
INSERT INTO ItemVenda(id_item,id_venda,id_produto,codigo_rastreio,quantidade_estoque,preco_unitario,desconto,total_item) VALUES (480,6,2,NULL,1,69,0,6990);
INSERT INTO ItemVenda(id_item,id_venda,id_produto,codigo_rastreio,quantidade_estoque,preco_unitario,desconto,total_item) VALUES (491,7,7,NULL,1,33,0,33749);
INSERT INTO ItemVenda(id_item,id_venda,id_produto,codigo_rastreio,quantidade_estoque,preco_unitario,desconto,total_item) VALUES (2073,8,21,NULL,1,35,0,3578);
INSERT INTO ItemVenda(id_item,id_venda,id_produto,codigo_rastreio,quantidade_estoque,preco_unitario,desconto,total_item) VALUES (2074,9,20,NULL,1,35,0,35);
INSERT INTO ItemVenda(id_item,id_venda,id_produto,codigo_rastreio,quantidade_estoque,preco_unitario,desconto,total_item) VALUES (2075,10,21,NULL,1,35,0,3500);
INSERT INTO ItemVenda(id_item,id_venda,id_produto,codigo_rastreio,quantidade_estoque,preco_unitario,desconto,total_item) VALUES (2076,11,5,NULL,1,33,0,37499);
INSERT INTO ItemVenda(id_item,id_venda,id_produto,codigo_rastreio,quantidade_estoque,preco_unitario,desconto,total_item) VALUES (2080,12,5,NULL,1,35,0,35782);
INSERT INTO ItemVenda(id_item,id_venda,id_produto,codigo_rastreio,quantidade_estoque,preco_unitario,desconto,total_item) VALUES (2087,13,19,NULL,1,699,0,69909);
INSERT INTO ItemVenda(id_item,id_venda,id_produto,codigo_rastreio,quantidade_estoque,preco_unitario,desconto,total_item) VALUES (2088,14,12,NULL,1,699,0,6990);
INSERT INTO ItemVenda(id_item,id_venda,id_produto,codigo_rastreio,quantidade_estoque,preco_unitario,desconto,total_item) VALUES (2093,15,11,NULL,1,35,0,70000);
INSERT INTO ItemVenda(id_item,id_venda,id_produto,codigo_rastreio,quantidade_estoque,preco_unitario,desconto,total_item) VALUES (2098,16,4,NULL,1,35,0,70000);
INSERT INTO ItemVenda(id_item,id_venda,id_produto,codigo_rastreio,quantidade_estoque,preco_unitario,desconto,total_item) VALUES (2099,17,25,NULL,1,35,0,27000);
INSERT INTO ItemVenda(id_item,id_venda,id_produto,codigo_rastreio,quantidade_estoque,preco_unitario,desconto,total_item) VALUES (2105,18,26,NULL,1,33,0,33999);
INSERT INTO ItemVenda(id_item,id_venda,id_produto,codigo_rastreio,quantidade_estoque,preco_unitario,desconto,total_item) VALUES (2112,19,26,NULL,1,35,0,357);
INSERT INTO ItemVenda(id_item,id_venda,id_produto,codigo_rastreio,quantidade_estoque,preco_unitario,desconto,total_item) VALUES (2115,20,27,NULL,1,31,0,357);
INSERT INTO ItemVenda(id_item,id_venda,id_produto,codigo_rastreio,quantidade_estoque,preco_unitario,desconto,total_item) VALUES (2118,21,12,NULL,1,69,0,6990);
INSERT INTO ItemVenda(id_item,id_venda,id_produto,codigo_rastreio,quantidade_estoque,preco_unitario,desconto,total_item) VALUES (2121,22,13,NULL,1,34,0,35727);
INSERT INTO ItemVenda(id_item,id_venda,id_produto,codigo_rastreio,quantidade_estoque,preco_unitario,desconto,total_item) VALUES (2122,23,11,NULL,1,31,0,37827);
INSERT INTO ItemVenda(id_item,id_venda,id_produto,codigo_rastreio,quantidade_estoque,preco_unitario,desconto,total_item) VALUES (2142,24,3,NULL,1,31,0,3577);
INSERT INTO ItemVenda(id_item,id_venda,id_produto,codigo_rastreio,quantidade_estoque,preco_unitario,desconto,total_item) VALUES (1294,25,2,NULL,1,31,0,35827);
INSERT INTO ItemVenda(id_item,id_venda,id_produto,codigo_rastreio,quantidade_estoque,preco_unitario,desconto,total_item) VALUES (1297,26,2,NULL,1,31,0,35727);
INSERT INTO ItemVenda(id_item,id_venda,id_produto,codigo_rastreio,quantidade_estoque,preco_unitario,desconto,total_item) VALUES (1304,27,14,NULL,1,31,0,3727);
INSERT INTO ItemVenda(id_item,id_venda,id_produto,codigo_rastreio,quantidade_estoque,preco_unitario,desconto,total_item) VALUES (1313,28,4,NULL,1,31,0,3578270);
INSERT INTO ItemVenda(id_item,id_venda,id_produto,codigo_rastreio,quantidade_estoque,preco_unitario,desconto,total_item) VALUES (1317,29,20,NULL,1,31,0,35727);
INSERT INTO ItemVenda(id_item,id_venda,id_produto,codigo_rastreio,quantidade_estoque,preco_unitario,desconto,total_item) VALUES (1320,30,21,NULL,1,78,0,3570);
INSERT INTO ItemVenda(id_item,id_venda,id_produto,codigo_rastreio,quantidade_estoque,preco_unitario,desconto,total_item) VALUES (1337,31,17,NULL,1,78,0,400);
INSERT INTO ItemVenda(id_item,id_venda,id_produto,codigo_rastreio,quantidade_estoque,preco_unitario,desconto,total_item) VALUES (1345,32,15,NULL,1,82,0,6200);
INSERT INTO ItemVenda(id_item,id_venda,id_produto,codigo_rastreio,quantidade_estoque,preco_unitario,desconto,total_item) VALUES (1351,33,29,NULL,1,27,0,3000);
INSERT INTO ItemVenda(id_item,id_venda,id_produto,codigo_rastreio,quantidade_estoque,preco_unitario,desconto,total_item) VALUES (1368,34,25,NULL,1,2,0,699);
INSERT INTO ItemVenda(id_item,id_venda,id_produto,codigo_rastreio,quantidade_estoque,preco_unitario,desconto,total_item) VALUES (1376,35,9,NULL,1,37,0,350);
INSERT INTO ItemVenda(id_item,id_venda,id_produto,codigo_rastreio,quantidade_estoque,preco_unitario,desconto,total_item) VALUES (1381,36,8,NULL,1,7,0,782);
INSERT INTO ItemVenda(id_item,id_venda,id_produto,codigo_rastreio,quantidade_estoque,preco_unitario,desconto,total_item) VALUES (1385,37,21,NULL,1,7,0,3000);
INSERT INTO ItemVenda(id_item,id_venda,id_produto,codigo_rastreio,quantidade_estoque,preco_unitario,desconto,total_item) VALUES (1386,38,14,NULL,1,27,0,3000);
INSERT INTO ItemVenda(id_item,id_venda,id_produto,codigo_rastreio,quantidade_estoque,preco_unitario,desconto,total_item) VALUES (1389,39,7,NULL,1,99,0,499);
INSERT INTO ItemVenda(id_item,id_venda,id_produto,codigo_rastreio,quantidade_estoque,preco_unitario,desconto,total_item) VALUES (1390,40,22,NULL,1,58,0,57);
/*ITENS A MAIS */
INSERT INTO ItemVenda(id_item,id_venda,id_produto,codigo_rastreio,quantidade_estoque,preco_unitario,desconto,total_item) VALUES (1399,40,26,NULL,1,35,0,3000);
INSERT INTO ItemVenda(id_item,id_venda,id_produto,codigo_rastreio,quantidade_estoque,preco_unitario,desconto,total_item) VALUES (1402,30,7,NULL,1,35,0,3500);
INSERT INTO ItemVenda(id_item,id_venda,id_produto,codigo_rastreio,quantidade_estoque,preco_unitario,desconto,total_item) VALUES (1405,2,25,NULL,1,699,0,6900);
INSERT INTO ItemVenda(id_item,id_venda,id_produto,codigo_rastreio,quantidade_estoque,preco_unitario,desconto,total_item) VALUES (1408,3,26,NULL,1,35,0,50);
INSERT INTO ItemVenda(id_item,id_venda,id_produto,codigo_rastreio,quantidade_estoque,preco_unitario,desconto,total_item) VALUES (1410,7,27,NULL,1,35,0,570);
INSERT INTO ItemVenda(id_item,id_venda,id_produto,codigo_rastreio,quantidade_estoque,preco_unitario,desconto,total_item) VALUES (1415,13,29,NULL,1,35,0,350);
INSERT INTO ItemVenda(id_item,id_venda,id_produto,codigo_rastreio,quantidade_estoque,preco_unitario,desconto,total_item) VALUES (2038,12,2,NULL,1,35,0,52);
/*ITENS A MAIS */
INSERT INTO ItemVenda(id_item,id_venda,id_produto,codigo_rastreio,quantidade_estoque,preco_unitario,desconto,total_item) VALUES (2048,40,23,NULL,1,35,0,70);
INSERT INTO ItemVenda(id_item,id_venda,id_produto,codigo_rastreio,quantidade_estoque,preco_unitario,desconto,total_item) VALUES (2064,30,3,NULL,1,35,0,8270);
INSERT INTO ItemVenda(id_item,id_venda,id_produto,codigo_rastreio,quantidade_estoque,preco_unitario,desconto,total_item) VALUES (360,40,13,NULL,1,33,0,4900);
INSERT INTO ItemVenda(id_item,id_venda,id_produto,codigo_rastreio,quantidade_estoque,preco_unitario,desconto,total_item) VALUES (365,2,16,NULL,1,35,0,8270);
INSERT INTO ItemVenda(id_item,id_venda,id_produto,codigo_rastreio,quantidade_estoque,preco_unitario,desconto,total_item) VALUES (370,7,11,NULL,1,35,0,782);

COMMIT;
